"Time","C1","C2","C3","C4","C5"
"1163.4596","34.0","19.0","-85.0","99418.0","117574.0"
"1163.5096","33.0","18.0","-86.0","99449.0","117595.0"
"1163.5347","34.0","18.0","-85.0","99459.0","117640.0"
"1163.6097","34.0","19.0","-85.0","99542.0","117880.0"
"1163.6348","34.0","18.0","-86.0","99556.0","117924.0"
"1163.6598","34.0","18.0","-85.0","99615.0","118112.0"
"1163.6848","33.0","18.0","-86.0","99607.0","118151.0"
"1163.7599","33.0","18.0","-85.0","99698.0","118334.0"
"1163.7849","34.0","18.0","-86.0","99714.0","118411.0"
"1163.8099","34.0","19.0","-85.0","99777.0","118608.0"
"1163.835","34.0","18.0","-85.0","99771.0","118651.0"
"1163.86","33.0","18.0","-86.0","99662.0","118258.0"
"1163.885","33.0","18.0","-86.0","99585.0","118093.0"
"1163.9601","33.0","18.0","-85.0","99476.0","117757.0"
"1163.9851","34.0","19.0","-85.0","99467.0","117723.0"
"1164.0602","34.0","18.0","-85.0","99503.0","117753.0"
"1164.1102","34.0","18.0","-86.0","99515.0","117827.0"
"1164.127","34.0","18.0","-86.0","99566.0","117988.0"
"1164.1436","34.0","18.0","-85.0","99573.0","118014.0"
"1164.2103","34.0","18.0","-85.0","99624.0","118170.0"
"1164.2354","33.0","18.0","-85.0","99628.0","118235.0"
"1164.3104","34.0","18.0","-85.0","99688.0","118409.0"
"1164.3354","35.0","19.0","-85.0","99718.0","118454.0"
"1164.3605","34.0","18.0","-86.0","99785.0","118627.0"
"1164.3855","34.0","18.0","-86.0","99717.0","118546.0"
"1164.4105","34.0","18.0","-85.0","99540.0","117975.0"
"1164.4355","34.0","18.0","-85.0","99506.0","117894.0"
"1164.5106","34.0","18.0","-85.0","99385.0","117493.0"
"1164.5356","34.0","18.0","-85.0","99360.0","117431.0"
"1164.5607","34.0","18.0","-86.0","99386.0","117442.0"
"1164.5857","34.0","18.0","-84.0","99385.0","117470.0"
"1164.6608","34.0","18.0","-85.0","99453.0","117641.0"
"1164.6858","34.0","18.0","-85.0","99460.0","117702.0"
"1164.7108","34.0","18.0","-85.0","99524.0","117854.0"
"1164.7358","34.0","18.0","-85.0","99531.0","117887.0"
"1164.8109","34.0","19.0","-85.0","99585.0","118096.0"
"1164.8359","34.0","18.0","-85.0","99604.0","118159.0"
"1164.861","34.0","18.0","-85.0","99404.0","117569.0"
"1164.886","34.0","18.0","-85.0","99359.0","117419.0"
"1164.961","33.0","18.0","-85.0","99257.0","117111.0"
"1164.9861","34.0","18.0","-85.0","99247.0","117119.0"
"1165.0111","34.0","18.0","-85.0","99279.0","117191.0"
"1165.0361","34.0","18.0","-85.0","99310.0","117251.0"
"1165.1112","34.0","19.0","-85.0","99351.0","117407.0"
"1165.1362","33.0","18.0","-85.0","99363.0","117419.0"
"1165.1613","34.0","18.0","-85.0","99411.0","117598.0"
"1165.1863","34.0","18.0","-86.0","99434.0","117627.0"
"1165.2113","34.0","18.0","-85.0","99495.0","117808.0"
"1165.2363","33.0","18.0","-86.0","99502.0","117839.0"
"1165.3114","34.0","18.0","-85.0","99474.0","117825.0"
"1165.3364","34.0","18.0","-85.0","99415.0","117635.0"
"1165.4115","34.0","19.0","-85.0","99271.0","117150.0"
"1165.4365","33.0","18.0","-85.0","99267.0","117083.0"
"1165.4615","34.0","18.0","-85.0","99142.0","116853.0"
"1165.4866","34.0","18.0","-85.0","99158.0","116862.0"
"1165.5116","34.0","18.0","-85.0","99242.0","117067.0"
"1165.5366","33.0","19.0","-86.0","99249.0","117091.0"
"1165.6117","33.0","19.0","-85.0","99311.0","117292.0"
"1165.6367","34.0","18.0","-85.0","99324.0","117315.0"
"1165.7118","34.0","18.0","-86.0","99409.0","117515.0"
"1165.7368","34.0","18.0","-85.0","99419.0","117551.0"
"1165.8119","34.0","18.0","-86.0","99494.0","117825.0"
"1165.8286","34.0","18.0","-85.0","99504.0","117870.0"
"1165.8452","34.0","18.0","-85.0","99462.0","117716.0"
"1165.912","34.0","19.0","-85.0","99421.0","117645.0"
"1165.937","34.0","19.0","-85.0","99276.0","117200.0"
"1166.0121","34.0","19.0","-85.0","99269.0","117164.0"
"1166.0371","34.0","18.0","-86.0","99253.0","117146.0"
"1166.0621","33.0","18.0","-85.0","99268.0","117178.0"
"1166.0872","34.0","19.0","-85.0","99363.0","117427.0"
"1166.3124","33.0","18.0","-85.0","99360.0","117440.0"
"1166.3374","34.0","19.0","-86.0","99424.0","117637.0"
"1166.4625","34.0","18.0","-85.0","99441.0","117664.0"
"1166.4875","34.0","19.0","-85.0","99493.0","117893.0"
"1166.5126","33.0","18.0","-86.0","99493.0","117918.0"
"1166.5376","34.0","19.0","-85.0","99581.0","118110.0"
"1166.5626","34.0","18.0","-86.0","99597.0","118135.0"
"1166.5876","34.0","19.0","-86.0","99450.0","117767.0"
"1166.6627","34.0","19.0","-85.0","99411.0","117676.0"
"1166.6877","34.0","19.0","-86.0","99282.0","117275.0"
"1166.7628","34.0","18.0","-86.0","99294.0","117241.0"
"1166.7878","33.0","18.0","-85.0","99261.0","117185.0"
"1166.8129","34.0","18.0","-85.0","99261.0","117226.0"
"1166.8379","34.0","18.0","-85.0","99315.0","117392.0"
"1166.8629","34.0","18.0","-85.0","99333.0","117406.0"
"1166.888","34.0","19.0","-85.0","99388.0","117588.0"
"1167.0131","34.0","18.0","-85.0","99399.0","117622.0"
"1167.0298","34.0","19.0","-85.0","99471.0","117801.0"
"1167.0464","34.0","19.0","-86.0","99486.0","117822.0"
"1167.1632","34.0","18.0","-85.0","99527.0","118020.0"
"1167.3634","34.0","18.0","-86.0","99522.0","117994.0"
"1167.3801","34.0","18.0","-85.0","99348.0","117484.0"
"1167.3967","33.0","18.0","-85.0","99324.0","117398.0"
"1167.4135","34.0","18.0","-86.0","99153.0","116925.0"
"1167.4385","33.0","18.0","-86.0","99153.0","116873.0"
"1167.5636","33.0","18.0","-85.0","99128.0","116837.0"
"1167.5803","33.0","19.0","-85.0","99200.0","117058.0"
"1167.5969","34.0","19.0","-85.0","99220.0","117076.0"
"1167.7137","34.0","19.0","-85.0","99266.0","117222.0"
"1167.7305","34.0","18.0","-86.0","99260.0","117250.0"
"1167.7471","33.0","18.0","-85.0","99344.0","117442.0"
"1167.7638","34.0","18.0","-86.0","99347.0","117471.0"
"1167.8639","33.0","18.0","-86.0","99391.0","117616.0"
"1167.8806","34.0","18.0","-85.0","99366.0","117591.0"
"1167.8972","34.0","18.0","-85.0","99014.0","116573.0"
"1167.914","34.0","19.0","-85.0","99039.0","116588.0"
"1167.939","33.0","19.0","-86.0","99154.0","116982.0"
"1168.014","34.0","18.0","-85.0","99173.0","116986.0"
"1168.0391","33.0","18.0","-85.0","99226.0","117166.0"
"1168.0641","34.0","18.0","-86.0","99234.0","117224.0"
"1168.0891","34.0","19.0","-85.0","99229.0","117208.0"
"1168.1642","34.0","19.0","-85.0","99198.0","117105.0"
"1168.1892","33.0","18.0","-86.0","99037.0","116628.0"
"1168.2643","34.0","19.0","-84.0","99018.0","116572.0"
"1168.2893","33.0","19.0","-86.0","98924.0","116299.0"
"1168.3143","34.0","18.0","-85.0","98923.0","116285.0"
"1168.3394","33.0","18.0","-85.0","98973.0","116423.0"
"1168.3644","34.0","18.0","-86.0","98987.0","116504.0"
"1168.4645","34.0","18.0","-85.0","99062.0","116676.0"
"1168.4812","34.0","19.0","-84.0","99065.0","116709.0"
"1168.4978","34.0","19.0","-86.0","99148.0","116914.0"
"1168.5145","33.0","18.0","-86.0","99234.0","117199.0"
"1168.5396","33.0","18.0","-85.0","99237.0","117233.0"
"1168.6146","34.0","18.0","-85.0","99218.0","117202.0"
"1168.6396","34.0","18.0","-85.0","99049.0","116679.0"
"1168.6647","33.0","19.0","-85.0","99111.0","116872.0"
"1168.7648","33.0","18.0","-85.0","99125.0","116902.0"
"1168.7815","33.0","18.0","-86.0","99177.0","117071.0"
"1168.7981","34.0","18.0","-85.0","99201.0","117132.0"
"1168.8148","34.0","18.0","-85.0","99257.0","117304.0"
"1168.8398","33.0","18.0","-85.0","99355.0","117520.0"
"1169.015","34.0","18.0","-85.0","99349.0","117609.0"
"1169.025","34.0","18.0","-85.0","99232.0","117241.0"
"1169.035","33.0","18.0","-85.0","99053.0","116699.0"
"1169.045","34.0","18.0","-85.0","99019.0","116600.0"
"1169.055","34.0","19.0","-85.0","98995.0","116517.0"
"1169.1151","34.0","18.0","-85.0","98989.0","116544.0"
"1169.1401","34.0","18.0","-86.0","99087.0","116743.0"
"1169.2152","33.0","19.0","-86.0","99080.0","116794.0"
"1169.2402","34.0","18.0","-85.0","99127.0","116947.0"
"1169.2653","33.0","18.0","-86.0","99150.0","116962.0"
"1169.2903","33.0","19.0","-86.0","99186.0","117137.0"
"1169.3654","34.0","18.0","-85.0","99227.0","117194.0"
"1169.3904","34.0","18.0","-86.0","99270.0","117373.0"
"1169.4154","34.0","19.0","-86.0","99279.0","117368.0"
"1169.4404","34.0","18.0","-85.0","99119.0","116939.0"
"1169.5155","34.0","18.0","-85.0","99056.0","116751.0"
"1169.5405","34.0","18.0","-85.0","98912.0","116352.0"
"1169.5656","33.0","19.0","-84.0","98900.0","116294.0"
"1169.5906","33.0","18.0","-85.0","98883.0","116200.0"
"1169.6656","34.0","18.0","-86.0","98882.0","116255.0"
"1169.6907","34.0","19.0","-85.0","98950.0","116418.0"
"1169.7657","33.0","19.0","-86.0","98958.0","116465.0"
"1169.7908","33.0","19.0","-86.0","98997.0","116592.0"
"1169.8158","33.0","18.0","-85.0","99023.0","116651.0"
"1169.8408","33.0","18.0","-86.0","99073.0","116809.0"
"1169.8658","33.0","18.0","-85.0","99088.0","116851.0"
"1169.8909","34.0","18.0","-85.0","99173.0","117013.0"
"1169.966","34.0","18.0","-85.0","99141.0","116986.0"
"1169.991","34.0","18.0","-85.0","98963.0","116489.0"
"1170.016","33.0","18.0","-86.0","98932.0","116427.0"
"1170.041","33.0","19.0","-86.0","98817.0","116088.0"
"1170.1161","34.0","18.0","-86.0","98798.0","115993.0"
"1170.1411","33.0","18.0","-86.0","98796.0","115991.0"
"1170.1661","33.0","19.0","-85.0","98805.0","116039.0"
"1170.1912","33.0","19.0","-85.0","98878.0","116196.0"
"1170.2662","33.0","18.0","-85.0","98952.0","116404.0"
"1170.2913","33.0","18.0","-85.0","98955.0","116434.0"
"1170.3163","33.0","19.0","-86.0","99028.0","116623.0"
"1170.3413","33.0","19.0","-85.0","99049.0","116695.0"
"1170.4664","33.0","19.0","-85.0","99069.0","116813.0"
"1170.4832","33.0","18.0","-85.0","99057.0","116764.0"
"1170.4998","33.0","18.0","-85.0","98903.0","116258.0"
"1170.5665","34.0","18.0","-86.0","98845.0","116144.0"
"1170.5916","33.0","19.0","-86.0","98771.0","115925.0"
"1170.6166","34.0","18.0","-86.0","98762.0","115906.0"
"1170.6416","33.0","18.0","-85.0","98801.0","116038.0"
"1170.7167","34.0","18.0","-85.0","98847.0","116123.0"
"1170.7417","33.0","18.0","-85.0","98907.0","116301.0"
"1170.7667","34.0","19.0","-85.0","98908.0","116320.0"
"1170.7917","33.0","19.0","-85.0","98969.0","116531.0"
"1170.8168","33.0","19.0","-85.0","99010.0","116603.0"
"1170.9169","33.0","18.0","-85.0","99062.0","116816.0"
"1170.9336","34.0","18.0","-86.0","99073.0","116824.0"
"1170.9502","33.0","18.0","-85.0","99042.0","116796.0"
"1171.017","33.0","18.0","-85.0","99003.0","116652.0"
"1171.042","34.0","18.0","-85.0","98942.0","116468.0"
"1171.067","33.0","18.0","-85.0","98958.0","116455.0"
"1171.092","34.0","18.0","-85.0","99002.0","116648.0"
"1171.1171","34.0","18.0","-85.0","99019.0","116701.0"
"1171.1421","34.0","18.0","-85.0","99083.0","116871.0"
"1171.2172","34.0","18.0","-85.0","99086.0","116883.0"
"1171.2422","33.0","18.0","-85.0","99142.0","117112.0"
"1171.3173","34.0","18.0","-86.0","99186.0","117145.0"
"1171.3423","33.0","19.0","-85.0","99224.0","117319.0"
"1171.3673","33.0","18.0","-86.0","99229.0","117352.0"
"1171.3923","34.0","19.0","-85.0","99301.0","117572.0"
"1171.4674","33.0","19.0","-86.0","99324.0","117630.0"
"1171.4924","33.0","18.0","-86.0","99193.0","117263.0"
"1171.5675","34.0","19.0","-85.0","99156.0","117150.0"
"1171.5801","33.0","19.0","-86.0","98973.0","116608.0"
"1171.5925","33.0","18.0","-85.0","98935.0","116460.0"
"1171.605","34.0","18.0","-85.0","98864.0","116269.0"
"1171.6676","34.0","18.0","-86.0","98864.0","116284.0"
"1171.6926","33.0","18.0","-85.0","98933.0","116427.0"
"1171.7677","34.0","19.0","-86.0","98988.0","116600.0"
"1171.7927","33.0","19.0","-85.0","99012.0","116629.0"
"1171.8177","33.0","18.0","-86.0","99035.0","116809.0"
"1171.8428","34.0","18.0","-85.0","99063.0","116853.0"
"1171.8678","34.0","18.0","-86.0","99122.0","117013.0"
"1171.8928","33.0","18.0","-85.0","99140.0","117042.0"
"1171.9679","34.0","18.0","-85.0","98958.0","116552.0"
"1171.9929","34.0","18.0","-86.0","98925.0","116457.0"
"1172.068","34.0","19.0","-86.0","98773.0","116062.0"
"1172.093","34.0","18.0","-85.0","98774.0","116016.0"
"1172.118","33.0","18.0","-85.0","98745.0","115937.0"
"1172.1431","34.0","19.0","-85.0","98776.0","115963.0"
"1172.1681","34.0","19.0","-85.0","98823.0","116154.0"
"1172.1931","34.0","18.0","-85.0","98842.0","116170.0"
"1172.2682","33.0","18.0","-85.0","98881.0","116366.0"
"1172.2932","34.0","19.0","-85.0","98902.0","116409.0"
"1172.3182","33.0","18.0","-85.0","98957.0","116598.0"
"1172.3433","33.0","19.0","-85.0","98991.0","116631.0"
"1172.4183","34.0","19.0","-86.0","99040.0","116891.0"
"1172.4434","33.0","18.0","-85.0","99045.0","116853.0"
"1172.4684","33.0","19.0","-85.0","98897.0","116386.0"
"1172.4934","34.0","18.0","-85.0","98880.0","116306.0"
"1172.5685","33.0","19.0","-86.0","98730.0","115899.0"
"1172.5935","33.0","19.0","-86.0","98728.0","115885.0"
"1172.6686","33.0","18.0","-85.0","98720.0","115915.0"
"1172.6936","33.0","18.0","-85.0","98779.0","115934.0"
"1172.7186","33.0","18.0","-85.0","98812.0","116177.0"
"1172.7437","34.0","19.0","-85.0","98834.0","116202.0"
"1172.7687","34.0","19.0","-85.0","98889.0","116359.0"
"1172.7937","33.0","18.0","-86.0","98921.0","116418.0"
"1172.8688","33.0","18.0","-85.0","98977.0","116637.0"
"1172.8938","34.0","19.0","-86.0","98985.0","116661.0"
"1172.9689","33.0","18.0","-85.0","99030.0","116861.0"
"1172.9939","34.0","18.0","-86.0","99042.0","116846.0"
"1173.0189","33.0","19.0","-85.0","98858.0","116311.0"
"1173.044","34.0","18.0","-85.0","98832.0","116246.0"
"1173.119","33.0","18.0","-85.0","98716.0","115910.0"
"1173.144","33.0","18.0","-86.0","98698.0","115881.0"
"1173.1691","34.0","18.0","-84.0","98741.0","115934.0"
"1173.1941","33.0","18.0","-85.0","98745.0","115991.0"
"1173.2191","34.0","18.0","-85.0","98809.0","116171.0"
"1173.2441","34.0","18.0","-86.0","98814.0","116186.0"
"1173.3192","34.0","19.0","-86.0","98884.0","116378.0"
"1173.3442","34.0","18.0","-85.0","98904.0","116404.0"
"1173.4193","33.0","18.0","-86.0","98966.0","116607.0"
"1173.4443","34.0","18.0","-85.0","98972.0","116634.0"
"1173.4694","34.0","18.0","-86.0","98983.0","116730.0"
"1173.4944","34.0","18.0","-84.0","98980.0","116658.0"
"1173.5194","34.0","18.0","-85.0","98804.0","116155.0"
"1173.5444","34.0","18.0","-86.0","98780.0","116070.0"
"1173.6195","34.0","18.0","-86.0","98641.0","115731.0"
"1173.6445","34.0","18.0","-86.0","98647.0","115718.0"
"1173.7196","34.0","19.0","-85.0","98672.0","115815.0"
"1173.7446","34.0","18.0","-86.0","98686.0","115861.0"
"1173.7697","34.0","18.0","-85.0","98758.0","116031.0"
"1173.7947","34.0","19.0","-85.0","98767.0","116055.0"
"1173.8197","34.0","19.0","-85.0","98809.0","116196.0"
"1173.8447","34.0","19.0","-85.0","98830.0","116244.0"
"1173.9198","34.0","18.0","-86.0","98894.0","116431.0"
"1173.9448","33.0","18.0","-86.0","98905.0","116474.0"
"1173.9698","33.0","18.0","-85.0","98895.0","116440.0"
"1173.9949","33.0","18.0","-85.0","98859.0","116381.0"
"1174.07","33.0","18.0","-85.0","98681.0","115804.0"
"1174.095","34.0","18.0","-86.0","98663.0","115737.0"
"1174.12","33.0","18.0","-85.0","98564.0","115508.0"
"1174.145","34.0","18.0","-86.0","98571.0","115517.0"
"1174.2201","33.0","18.0","-86.0","98619.0","115647.0"
"1174.2451","34.0","18.0","-85.0","98658.0","115680.0"
"1174.2701","33.0","18.0","-85.0","98699.0","115807.0"
"1174.2952","33.0","18.0","-85.0","98684.0","115820.0"
"1174.3702","33.0","18.0","-86.0","98762.0","116011.0"
"1174.3953","33.0","18.0","-86.0","98765.0","116038.0"
"1174.4203","33.0","18.0","-85.0","98821.0","116201.0"
"1174.4453","34.0","19.0","-86.0","98818.0","116235.0"
"1174.5204","34.0","18.0","-85.0","98762.0","116027.0"
"1174.5454","34.0","18.0","-86.0","98735.0","115945.0"
"1174.6205","33.0","19.0","-85.0","98596.0","115520.0"
"1174.6455","33.0","19.0","-85.0","98570.0","115478.0"
"1174.6705","33.0","18.0","-85.0","98519.0","115291.0"
"1174.6956","33.0","18.0","-85.0","98535.0","115301.0"
"1174.7206","33.0","18.0","-85.0","98605.0","115531.0"
"1174.7456","33.0","18.0","-86.0","98625.0","115575.0"
"1174.8207","34.0","19.0","-85.0","98680.0","115772.0"
"1174.8457","33.0","19.0","-86.0","98696.0","115803.0"
"1174.8707","34.0","18.0","-86.0","98760.0","116013.0"
"1174.8958","33.0","18.0","-85.0","98800.0","116090.0"
"1174.9708","33.0","18.0","-86.0","98871.0","116306.0"
"1174.9958","33.0","18.0","-85.0","98869.0","116347.0"
"1175.0209","34.0","18.0","-86.0","98826.0","116161.0"
"1175.0459","33.0","18.0","-86.0","98763.0","116006.0"
"1175.121","33.0","18.0","-86.0","98659.0","115704.0"
"1175.146","34.0","18.0","-86.0","98651.0","115691.0"
"1175.171","33.0","19.0","-85.0","98681.0","115764.0"
"1175.196","33.0","18.0","-85.0","98708.0","115843.0"
"1175.2211","34.0","18.0","-86.0","98785.0","116026.0"
"1175.2461","33.0","19.0","-86.0","98785.0","116054.0"
"1175.3212","34.0","19.0","-85.0","98834.0","116224.0"
"1175.3462","33.0","19.0","-86.0","98870.0","116261.0"
"1175.4213","34.0","18.0","-86.0","98911.0","116457.0"
"1175.4463","33.0","18.0","-86.0","98917.0","116471.0"
"1175.4713","34.0","18.0","-85.0","99004.0","116681.0"
"1175.4963","33.0","18.0","-85.0","98985.0","116696.0"
"1175.5714","34.0","18.0","-85.0","98836.0","116225.0"
"1175.5964","34.0","18.0","-86.0","98800.0","116135.0"
"1175.6215","34.0","18.0","-86.0","98661.0","115711.0"
"1175.6465","33.0","18.0","-85.0","98634.0","115609.0"
"1175.7216","34.0","18.0","-85.0","98622.0","115599.0"
"1175.7466","34.0","18.0","-85.0","98641.0","115629.0"
"1175.7716","33.0","18.0","-85.0","98697.0","115802.0"
"1175.7966","33.0","18.0","-85.0","98731.0","115850.0"
"1175.8717","34.0","18.0","-85.0","98749.0","115982.0"
"1175.8967","34.0","18.0","-85.0","98769.0","115999.0"
"1175.9218","34.0","18.0","-86.0","98822.0","116180.0"
"1175.9468","34.0","18.0","-85.0","98851.0","116228.0"
"1175.9718","34.0","18.0","-86.0","98878.0","116330.0"
"1175.9968","33.0","18.0","-85.0","98842.0","116264.0"
"1176.0719","33.0","18.0","-85.0","98715.0","115758.0"
"1176.0969","34.0","18.0","-85.0","98630.0","115639.0"
"1176.172","33.0","18.0","-86.0","98527.0","115339.0"
"1176.197","34.0","18.0","-85.0","98527.0","115321.0"
"1176.222","34.0","18.0","-85.0","98544.0","115332.0"
"1176.2471","34.0","19.0","-86.0","98549.0","115404.0"
"1176.2721","33.0","19.0","-86.0","98612.0","115531.0"
"1176.2971","34.0","19.0","-86.0","98602.0","115572.0"
"1176.3722","33.0","18.0","-85.0","98690.0","115706.0"
"1176.3972","34.0","18.0","-85.0","98684.0","115764.0"
"1176.4222","33.0","18.0","-85.0","98736.0","115938.0"
"1176.4473","34.0","19.0","-86.0","98738.0","115950.0"
"1176.5223","34.0","19.0","-85.0","98762.0","115975.0"
"1176.5474","33.0","18.0","-85.0","98694.0","115814.0"
"1176.6224","33.0","18.0","-85.0","98524.0","115342.0"
"1176.6475","34.0","18.0","-85.0","98505.0","115267.0"
"1176.6725","33.0","18.0","-85.0","98427.0","115028.0"
"1176.6975","33.0","18.0","-86.0","98401.0","115000.0"
"1176.7225","33.0","19.0","-85.0","98461.0","115155.0"
"1176.7476","33.0","18.0","-86.0","98467.0","115167.0"
"1176.8226","33.0","18.0","-85.0","98532.0","115293.0"
"1176.8477","33.0","18.0","-86.0","98534.0","115346.0"
"1176.9227","33.0","18.0","-85.0","98587.0","115512.0"
"1176.9478","33.0","19.0","-85.0","98608.0","115563.0"
"1176.9728","33.0","18.0","-86.0","98681.0","115714.0"
"1176.9978","33.0","18.0","-86.0","98688.0","115771.0"
"1177.0228","34.0","19.0","-86.0","98603.0","115593.0"
"1177.0479","33.0","18.0","-85.0","98582.0","115522.0"
"1177.1229","33.0","18.0","-85.0","98471.0","115108.0"
"1177.148","33.0","18.0","-85.0","98409.0","115002.0"
"1177.173","33.0","18.0","-86.0","98369.0","114899.0"
"1177.198","33.0","18.0","-85.0","98381.0","114927.0"
"1177.2731","33.0","19.0","-86.0","98464.0","115111.0"
"1177.2981","33.0","19.0","-85.0","98483.0","115169.0"
"1177.3732","34.0","19.0","-86.0","98516.0","115341.0"
"1177.3982","33.0","19.0","-85.0","98549.0","115380.0"
"1177.4232","33.0","19.0","-85.0","98597.0","115604.0"
"1177.4482","33.0","18.0","-86.0","98644.0","115644.0"
"1177.4733","33.0","18.0","-86.0","98709.0","115882.0"
"1177.4983","33.0","19.0","-86.0","98701.0","115925.0"
"1177.5734","33.0","18.0","-85.0","98649.0","115767.0"
"1177.5984","33.0","18.0","-86.0","98602.0","115619.0"
"1177.6735","33.0","19.0","-85.0","98496.0","115316.0"
"1177.6985","33.0","19.0","-85.0","98513.0","115291.0"
"1177.7235","33.0","18.0","-85.0","98510.0","115348.0"
"1177.7485","33.0","18.0","-86.0","98540.0","115416.0"
"1177.7736","33.0","18.0","-85.0","98612.0","115591.0"
"1177.7986","33.0","18.0","-85.0","98619.0","115625.0"
"1177.8737","33.0","19.0","-86.0","98669.0","115826.0"
"1177.8987","33.0","19.0","-85.0","98686.0","115849.0"
"1177.9237","33.0","19.0","-86.0","98741.0","116012.0"
"1177.9487","33.0","19.0","-85.0","98748.0","116052.0"
"1178.0238","33.0","18.0","-86.0","98796.0","116235.0"
"1178.0488","34.0","18.0","-85.0","98826.0","116270.0"
"1178.1239","33.0","18.0","-86.0","98691.0","115888.0"
"1178.1489","33.0","19.0","-86.0","98635.0","115795.0"
"1178.174","33.0","18.0","-86.0","98511.0","115350.0"
"1178.199","33.0","18.0","-85.0","98479.0","115274.0"
"1178.224","33.0","18.0","-85.0","98481.0","115251.0"
"1178.249","33.0","18.0","-86.0","98482.0","115260.0"
"1178.3241","34.0","18.0","-86.0","98548.0","115455.0"
"1178.3491","33.0","18.0","-86.0","98583.0","115508.0"
"1178.4242","33.0","18.0","-86.0","98609.0","115636.0"
"1178.4492","33.0","18.0","-85.0","98612.0","115652.0"
"1178.4742","33.0","19.0","-85.0","98698.0","115833.0"
"1178.4993","34.0","18.0","-85.0","98689.0","115872.0"
"1178.5243","34.0","18.0","-86.0","98747.0","116026.0"
"1178.5493","33.0","18.0","-85.0","98741.0","116010.0"
"1178.6244","34.0","19.0","-86.0","98537.0","115451.0"
"1178.6494","33.0","18.0","-86.0","98516.0","115371.0"
"1178.6744","33.0","19.0","-86.0","98394.0","115022.0"
"1178.6995","33.0","18.0","-85.0","98387.0","114984.0"
"1178.7745","33.0","18.0","-85.0","98394.0","114995.0"
"1178.7996","33.0","18.0","-85.0","98412.0","115029.0"
"1178.8246","33.0","18.0","-85.0","98480.0","115196.0"
"1178.8496","34.0","19.0","-85.0","98487.0","115224.0"
"1178.9247","34.0","18.0","-85.0","98536.0","115378.0"
"1178.9497","33.0","18.0","-86.0","98549.0","115416.0"
"1178.9747","33.0","18.0","-86.0","98593.0","115593.0"
"1178.9998","33.0","18.0","-85.0","98610.0","115617.0"
"1179.0248","34.0","18.0","-86.0","98637.0","115723.0"
"1179.0498","34.0","18.0","-85.0","98612.0","115647.0"
"1179.1249","33.0","18.0","-85.0","98456.0","115163.0"
"1179.1499","34.0","18.0","-85.0","98451.0","115081.0"
"1179.225","33.0","18.0","-85.0","98306.0","114772.0"
"1179.25","33.0","18.0","-86.0","98315.0","114755.0"
"1179.3251","33.0","19.0","-85.0","98341.0","114820.0"
"1179.3376","33.0","19.0","-85.0","98379.0","114849.0"
"1179.3501","33.0","18.0","-85.0","98420.0","115045.0"
"1179.3625","33.0","18.0","-86.0","98426.0","115068.0"
"1179.4252","33.0","18.0","-86.0","98484.0","115220.0"
"1179.4502","33.0","19.0","-85.0","98513.0","115234.0"
"1179.5253","33.0","19.0","-85.0","98577.0","115438.0"
"1179.5503","33.0","18.0","-86.0","98578.0","115464.0"
"1179.5753","34.0","18.0","-86.0","98578.0","115482.0"
"1179.6003","33.0","18.0","-85.0","98589.0","115415.0"
"1179.6754","33.0","19.0","-86.0","98364.0","114865.0"
"1179.7004","33.0","18.0","-86.0","98355.0","114814.0"
"1179.7255","33.0","18.0","-85.0","98285.0","114809.0"
"1179.7505","33.0","19.0","-85.0","98284.0","114799.0"
"1179.8256","33.0","18.0","-85.0","98359.0","114978.0"
"1179.8506","33.0","18.0","-85.0","98374.0","115021.0"
"1179.8756","33.0","19.0","-86.0","98414.0","115195.0"
"1179.9006","33.0","19.0","-85.0","98443.0","115220.0"
"1179.9757","34.0","18.0","-86.0","98504.0","115450.0"
"1180.0007","33.0","19.0","-86.0","98521.0","115479.0"
"1180.0758","33.0","18.0","-85.0","98612.0","115707.0"
"1180.0925","34.0","19.0","-86.0","98614.0","115738.0"
"1180.1091","33.0","18.0","-85.0","98615.0","115756.0"
"1180.1759","33.0","18.0","-86.0","98579.0","115691.0"
"1180.1926","33.0","18.0","-86.0","98451.0","115292.0"
"1180.2092","34.0","19.0","-85.0","98457.0","115247.0"
"1180.276","33.0","18.0","-86.0","98424.0","115180.0"
"1180.301","33.0","18.0","-85.0","98426.0","115223.0"
"1180.326","33.0","18.0","-86.0","98496.0","115410.0"
"1180.3511","33.0","18.0","-85.0","98495.0","115456.0"
"1180.3761","33.0","19.0","-85.0","98581.0","115691.0"
"1180.4011","33.0","19.0","-86.0","98592.0","115712.0"
"1180.5262","33.0","18.0","-86.0","98654.0","115860.0"
"1180.5388","33.0","19.0","-86.0","98638.0","115891.0"
"1180.5513","33.0","18.0","-86.0","98716.0","116109.0"
"1180.5637","33.0","18.0","-85.0","98734.0","116145.0"
"1180.7264","33.0","18.0","-85.0","98707.0","116027.0"
"1180.7432","33.0","18.0","-85.0","98657.0","115930.0"
"1180.7598","33.0","19.0","-86.0","98451.0","115387.0"
"1180.7765","33.0","19.0","-86.0","98452.0","115326.0"
"1180.8015","33.0","18.0","-85.0","98381.0","115154.0"
"1180.9266","33.0","18.0","-86.0","98380.0","115163.0"
"1180.9517","33.0","18.0","-85.0","98476.0","115353.0"
"1181.0267","33.0","19.0","-85.0","98469.0","115384.0"
"1181.0518","33.0","19.0","-85.0","98513.0","115506.0"
"1181.0768","33.0","18.0","-86.0","98504.0","115543.0"
"1181.1018","33.0","19.0","-86.0","98583.0","115710.0"
"1181.1268","34.0","18.0","-86.0","98597.0","115738.0"
"1181.1519","34.0","18.0","-86.0","98648.0","115926.0"
"1181.2269","34.0","18.0","-86.0","98661.0","115979.0"
"1181.252","33.0","19.0","-86.0","98538.0","115594.0"
"1181.327","33.0","18.0","-85.0","98494.0","115509.0"
"1181.352","33.0","18.0","-86.0","98345.0","115056.0"
"1181.3771","33.0","19.0","-86.0","98322.0","115022.0"
"1181.4021","33.0","18.0","-86.0","98286.0","114860.0"
"1181.4271","33.0","18.0","-86.0","98284.0","114878.0"
"1181.4521","33.0","18.0","-86.0","98363.0","115084.0"
"1181.5272","34.0","18.0","-86.0","98373.0","115101.0"
"1181.5522","33.0","18.0","-86.0","98414.0","115251.0"
"1181.6273","34.0","18.0","-86.0","98417.0","115277.0"
"1181.6523","34.0","18.0","-85.0","98478.0","115431.0"
"1181.6774","34.0","19.0","-86.0","98493.0","115477.0"
"1181.7024","33.0","19.0","-85.0","98561.0","115674.0"
"1181.7274","33.0","18.0","-86.0","98563.0","115697.0"
"1181.7524","33.0","19.0","-85.0","98422.0","115267.0"
"1181.8275","33.0","18.0","-86.0","98388.0","115206.0"
"1181.8525","33.0","19.0","-85.0","98232.0","114738.0"
"1181.9276","33.0","19.0","-85.0","98234.0","114680.0"
"1181.9526","33.0","19.0","-85.0","98204.0","114618.0"
"1182.0277","34.0","18.0","-85.0","98224.0","114693.0"
"1182.0444","34.0","19.0","-85.0","98298.0","114869.0"
"1182.061","33.0","18.0","-86.0","98376.0","115021.0"
"1182.1278","33.0","19.0","-86.0","98363.0","115067.0"
"1182.1528","33.0","18.0","-86.0","98412.0","115244.0"
"1182.1779","33.0","19.0","-86.0","98426.0","115269.0"
"1182.2029","33.0","19.0","-86.0","98471.0","115439.0"
"1182.278","33.0","18.0","-85.0","98326.0","114967.0"
"1182.303","33.0","18.0","-86.0","98170.0","114565.0"
"1182.378","33.0","18.0","-85.0","98168.0","114524.0"
"1182.4031","33.0","18.0","-86.0","98205.0","114566.0"
"1182.4281","33.0","19.0","-86.0","98214.0","114619.0"
"1182.4531","33.0","19.0","-85.0","98286.0","114826.0"
"1182.4781","33.0","18.0","-86.0","98297.0","114880.0"
"1182.5032","33.0","19.0","-86.0","98378.0","115062.0"
"1182.5782","33.0","19.0","-86.0","98389.0","115100.0"
"1182.6033","33.0","18.0","-86.0","98443.0","115301.0"
"1182.6783","33.0","18.0","-85.0","98470.0","115387.0"
"1182.7034","33.0","18.0","-86.0","98546.0","115574.0"
"1182.7284","33.0","18.0","-86.0","98526.0","115561.0"
"1182.7534","33.0","18.0","-85.0","98394.0","115157.0"
"1182.7784","33.0","18.0","-85.0","98341.0","115035.0"
"1182.8035","33.0","18.0","-86.0","98288.0","114860.0"
"1182.8785","33.0","19.0","-85.0","98294.0","114862.0"
"1182.9036","33.0","18.0","-86.0","98356.0","115033.0"
"1182.9786","33.0","18.0","-86.0","98379.0","115106.0"
"1183.0037","33.0","18.0","-86.0","98439.0","115285.0"
"1183.0287","33.0","18.0","-86.0","98444.0","115320.0"
"1183.0537","33.0","19.0","-85.0","98517.0","115494.0"
"1183.1288","33.0","19.0","-85.0","98519.0","115554.0"
"1183.1538","33.0","18.0","-86.0","98585.0","115705.0"
"1183.1788","33.0","18.0","-85.0","98606.0","115769.0"
"1183.2039","33.0","19.0","-85.0","98651.0","115907.0"
"1183.2289","33.0","19.0","-86.0","98601.0","115809.0"
"1183.2539","33.0","18.0","-85.0","98436.0","115320.0"
"1183.329","33.0","18.0","-85.0","98294.0","114917.0"
"1183.354","33.0","19.0","-85.0","98286.0","114874.0"
"1183.4291","33.0","18.0","-86.0","98326.0","114982.0"
"1183.4541","33.0","18.0","-85.0","98363.0","115002.0"
"1183.4791","34.0","18.0","-86.0","98400.0","115169.0"
"1183.5042","33.0","18.0","-85.0","98401.0","115218.0"
"1183.5292","34.0","18.0","-86.0","98466.0","115369.0"
"1183.5542","33.0","18.0","-85.0","98478.0","115387.0"
"1183.6293","33.0","18.0","-86.0","98561.0","115568.0"
"1183.6543","33.0","18.0","-86.0","98547.0","115636.0"
"1183.6793","34.0","19.0","-85.0","98537.0","115587.0"
"1183.7043","34.0","18.0","-86.0","98509.0","115504.0"
"1183.7794","33.0","18.0","-86.0","98328.0","114981.0"
"1183.8044","33.0","18.0","-85.0","98265.0","114856.0"
"1183.8295","33.0","18.0","-86.0","98191.0","114595.0"
"1183.8545","33.0","18.0","-85.0","98191.0","114583.0"
"1183.9796","33.0","18.0","-85.0","98236.0","114695.0"
"1183.9963","33.0","18.0","-86.0","98243.0","114771.0"
"1184.013","33.0","18.0","-86.0","98304.0","114919.0"
"1184.0797","33.0","18.0","-85.0","98301.0","114927.0"
"1184.1798","33.0","18.0","-85.0","98387.0","115080.0"
"1184.1965","33.0","18.0","-85.0","98386.0","115128.0"
"1184.2131","33.0","18.0","-85.0","98447.0","115317.0"
"1184.2799","33.0","18.0","-85.0","98448.0","115346.0"
"1184.2966","33.0","19.0","-85.0","98429.0","115277.0"
"1184.3132","33.0","18.0","-86.0","98355.0","115107.0"
"1184.38","33.0","18.0","-85.0","98195.0","114658.0"
"1184.405","33.0","18.0","-86.0","98185.0","114602.0"
"1184.43","33.0","19.0","-86.0","98122.0","114400.0"
"1184.4551","33.0","19.0","-85.0","98115.0","114379.0"
"1184.5802","33.0","19.0","-86.0","98181.0","114549.0"
"1184.5969","33.0","19.0","-86.0","98180.0","114594.0"
"1184.6135","33.0","18.0","-85.0","98246.0","114720.0"
"1184.6803","33.0","19.0","-85.0","98249.0","114790.0"
"1184.7053","33.0","19.0","-85.0","98299.0","114916.0"
"1184.7303","33.0","19.0","-86.0","98305.0","114950.0"
"1184.7554","33.0","19.0","-86.0","98375.0","115123.0"
"1184.8304","33.0","18.0","-86.0","98402.0","115194.0"
"1184.8555","33.0","19.0","-86.0","98323.0","115018.0"
"1184.9305","33.0","19.0","-86.0","98311.0","114938.0"
"1184.9556","33.0","18.0","-86.0","98160.0","114541.0"
"1184.9806","33.0","19.0","-86.0","98120.0","114437.0"
"1185.0056","33.0","18.0","-86.0","98088.0","114326.0"
"1185.0306","34.0","18.0","-86.0","98097.0","114347.0"
"1185.0557","33.0","18.0","-85.0","98174.0","114579.0"
"1185.1307","33.0","19.0","-85.0","98195.0","114614.0"
"1185.1558","33.0","19.0","-85.0","98253.0","114799.0"
"1185.1808","33.0","18.0","-85.0","98284.0","114830.0"
"1185.2058","33.0","18.0","-85.0","98334.0","115053.0"
"1185.2809","33.0","18.0","-85.0","98354.0","115099.0"
"1185.3059","33.0","19.0","-86.0","98441.0","115313.0"
"1185.381","33.0","18.0","-86.0","98385.0","115194.0"
"1185.406","33.0","19.0","-85.0","98347.0","115107.0"
"1185.431","33.0","18.0","-86.0","98251.0","114803.0"
"1185.456","33.0","19.0","-85.0","98214.0","114758.0"
"1185.4811","33.0","18.0","-86.0","98260.0","114844.0"
"1185.5061","33.0","18.0","-86.0","98296.0","114892.0"
"1185.5812","33.0","19.0","-86.0","98351.0","115061.0"
"1185.6062","33.0","19.0","-86.0","98416.0","115271.0"
"1185.6312","32.0","18.0","-85.0","98441.0","115293.0"
"1185.6562","33.0","18.0","-85.0","98483.0","115483.0"
"1185.7313","33.0","18.0","-85.0","98493.0","115508.0"
"1185.7563","33.0","19.0","-86.0","98543.0","115725.0"
"1185.7814","33.0","19.0","-85.0","98580.0","115769.0"
"1185.8064","33.0","19.0","-85.0","98443.0","115403.0"
"1185.8815","34.0","18.0","-86.0","98228.0","114774.0"
"1185.9065","33.0","19.0","-86.0","98213.0","114728.0"
"1185.9315","33.0","18.0","-85.0","98186.0","114607.0"
"1185.9565","33.0","18.0","-86.0","98176.0","114639.0"
"1186.0316","33.0","19.0","-85.0","98252.0","114833.0"
"1186.0566","33.0","19.0","-86.0","98257.0","114863.0"
"1186.1317","33.0","18.0","-86.0","98318.0","115006.0"
"1186.1443","33.0","19.0","-85.0","98319.0","115023.0"
"1186.1567","33.0","18.0","-86.0","98375.0","115219.0"
"1186.1692","33.0","19.0","-86.0","98397.0","115243.0"
"1186.2318","33.0","18.0","-85.0","98443.0","115405.0"
"1186.2568","34.0","18.0","-85.0","98449.0","115404.0"
"1186.3319","33.0","19.0","-86.0","98257.0","114894.0"
"1186.3569","33.0","19.0","-86.0","98247.0","114808.0"
"1186.382","33.0","18.0","-85.0","98118.0","114439.0"
"1186.407","33.0","19.0","-85.0","98094.0","114394.0"
"1186.482","34.0","18.0","-85.0","98101.0","114372.0"
"1186.5071","33.0","19.0","-86.0","98120.0","114410.0"
"1186.5321","33.0","18.0","-86.0","98181.0","114592.0"
"1186.5571","33.0","18.0","-85.0","98172.0","114613.0"
"1186.6322","33.0","18.0","-85.0","98238.0","114780.0"
"1186.6572","33.0","19.0","-86.0","98243.0","114783.0"
"1186.6823","33.0","18.0","-86.0","98292.0","114966.0"
"1186.7073","33.0","18.0","-86.0","98313.0","115001.0"
"1186.7823","33.0","18.0","-86.0","98360.0","115155.0"
"1186.8074","33.0","18.0","-86.0","98342.0","115093.0"
"1186.8824","33.0","18.0","-85.0","98163.0","114613.0"
"1186.9075","33.0","18.0","-85.0","98165.0","114517.0"
"1186.9325","33.0","19.0","-85.0","98013.0","114184.0"
"1186.9575","33.0","19.0","-86.0","98010.0","114162.0"
"1186.9825","33.0","18.0","-85.0","98037.0","114201.0"
"1187.0076","33.0","18.0","-86.0","98065.0","114236.0"
"1187.1327","33.0","18.0","-85.0","98100.0","114410.0"
"1187.1494","33.0","19.0","-85.0","98121.0","114453.0"
"1187.166","33.0","18.0","-86.0","98166.0","114581.0"
"1187.2328","32.0","19.0","-86.0","98201.0","114608.0"
"1187.2578","33.0","19.0","-85.0","98225.0","114812.0"
"1187.2828","33.0","18.0","-86.0","98256.0","114850.0"
"1187.3079","33.0","18.0","-86.0","98291.0","114983.0"
"1187.3829","33.0","18.0","-85.0","98276.0","114925.0"
"1187.408","33.0","18.0","-85.0","98087.0","114390.0"
"1187.433","33.0","19.0","-85.0","98095.0","114344.0"
"1187.458","33.0","18.0","-85.0","97988.0","114104.0"
"1187.483","33.0","19.0","-85.0","97994.0","114099.0"
"1187.5831","33.0","18.0","-85.0","98061.0","114275.0"
"1187.6082","33.0","19.0","-85.0","98083.0","114315.0"
"1187.6832","33.0","19.0","-85.0","98146.0","114486.0"
"1187.7083","33.0","18.0","-85.0","98166.0","114533.0"
"1187.7333","33.0","18.0","-86.0","98219.0","114761.0"
"1187.7583","33.0","18.0","-85.0","98233.0","114802.0"
"1187.7833","33.0","18.0","-86.0","98311.0","114999.0"
"1187.8083","33.0","19.0","-86.0","98344.0","115021.0"
"1187.8834","33.0","18.0","-85.0","98334.0","115103.0"
"1187.9084","33.0","19.0","-86.0","98328.0","115033.0"
"1187.9835","33.0","18.0","-86.0","98182.0","114648.0"
"1188.0085","33.0","18.0","-86.0","98190.0","114597.0"
"1188.0336","33.0","19.0","-86.0","98150.0","114549.0"
"1188.0586","33.0","18.0","-85.0","98168.0","114591.0"
"1188.0836","33.0","18.0","-86.0","98242.0","114809.0"
"1188.1086","33.0","18.0","-85.0","98264.0","114827.0"
"1188.1837","33.0","18.0","-86.0","98315.0","115000.0"
"1188.2087","33.0","18.0","-86.0","98336.0","115022.0"
"1188.2838","33.0","19.0","-86.0","98370.0","115198.0"
"1188.3088","33.0","18.0","-86.0","98400.0","115229.0"
"1188.3339","33.0","18.0","-86.0","98456.0","115460.0"
"1188.3589","33.0","18.0","-85.0","98474.0","115507.0"
"1188.434","33.0","18.0","-85.0","98404.0","115322.0"
"1188.459","33.0","19.0","-86.0","98168.0","114633.0"
"1188.484","33.0","19.0","-85.0","98156.0","114578.0"
"1188.534","33.0","18.0","-85.0","98105.0","114421.0"
"1188.5508","33.0","19.0","-85.0","98090.0","114407.0"
"1188.5674","33.0","19.0","-86.0","98164.0","114571.0"
"1188.6342","33.0","19.0","-86.0","98175.0","114604.0"
"1188.6592","33.0","18.0","-86.0","98224.0","114753.0"
"1188.7343","33.0","18.0","-86.0","98222.0","114779.0"
"1188.7593","33.0","18.0","-85.0","98289.0","114947.0"
"1188.7843","34.0","18.0","-86.0","98288.0","114986.0"
"1188.8093","33.0","19.0","-85.0","98352.0","115154.0"
"1188.8344","33.0","18.0","-86.0","98365.0","115195.0"
"1188.8594","33.0","19.0","-85.0","98207.0","114755.0"
"1188.9344","33.0","19.0","-86.0","98047.0","114275.0"
"1188.9595","33.0","18.0","-85.0","98020.0","114244.0"
"1189.0345","33.0","18.0","-85.0","98000.0","114129.0"
"1189.0596","33.0","18.0","-85.0","98022.0","114156.0"
"1189.0846","33.0","18.0","-85.0","98080.0","114337.0"
"1189.1096","33.0","19.0","-86.0","98080.0","114361.0"
"1189.1847","33.0","18.0","-86.0","98137.0","114508.0"
"1189.2097","33.0","18.0","-86.0","98155.0","114550.0"
"1189.2347","33.0","18.0","-86.0","98213.0","114706.0"
"1189.2598","33.0","18.0","-85.0","98202.0","114747.0"
"1189.2848","33.0","18.0","-85.0","98295.0","114916.0"
"1189.3098","33.0","18.0","-86.0","98286.0","114920.0"
"1189.3849","33.0","19.0","-85.0","98118.0","114449.0"
"1189.4099","33.0","18.0","-86.0","98096.0","114397.0"
"1189.4349","33.0","19.0","-85.0","97956.0","114021.0"
"1189.46","33.0","18.0","-85.0","97947.0","113989.0"
"1189.5851","33.0","18.0","-86.0","97949.0","113975.0"
"1189.6018","33.0","19.0","-86.0","97958.0","114004.0"
"1189.6184","33.0","18.0","-86.0","98036.0","114208.0"
"1189.6852","33.0","18.0","-86.0","98043.0","114228.0"
"1189.7102","33.0","19.0","-86.0","98094.0","114367.0"
"1189.7352","33.0","19.0","-86.0","98109.0","114427.0"
"1189.7603","33.0","18.0","-86.0","98161.0","114585.0"
"1189.8353","33.0","19.0","-85.0","98176.0","114626.0"
"1189.8604","34.0","19.0","-86.0","98223.0","114766.0"
"1189.9354","33.0","19.0","-85.0","98181.0","114640.0"
"1189.9604","32.0","18.0","-85.0","98035.0","114182.0"
"1189.9855","32.0","18.0","-86.0","97989.0","114119.0"
"1190.0105","33.0","18.0","-85.0","97904.0","113874.0"
"1190.0355","33.0","19.0","-85.0","97914.0","113836.0"
"1190.0605","33.0","18.0","-85.0","97952.0","113975.0"
"1190.1356","33.0","18.0","-85.0","97972.0","114018.0"
"1190.1606","33.0","18.0","-86.0","98036.0","114179.0"
"1190.1857","33.0","18.0","-85.0","98058.0","114230.0"
"1190.2107","32.0","18.0","-85.0","98127.0","114440.0"
"1190.2858","33.0","18.0","-85.0","98122.0","114480.0"
"1190.3108","33.0","18.0","-86.0","98202.0","114690.0"
"1190.3358","33.0","18.0","-86.0","98229.0","114764.0"
"1190.3608","33.0","18.0","-85.0","98211.0","114742.0"
"1190.4359","33.0","19.0","-86.0","98195.0","114668.0"
"1190.4609","33.0","18.0","-85.0","98065.0","114317.0"
"1190.486","33.0","19.0","-86.0","98042.0","114261.0"
"1190.511","33.0","19.0","-85.0","98060.0","114277.0"
"1190.586","33.0","19.0","-86.0","98075.0","114301.0"
"1190.6111","33.0","19.0","-86.0","98144.0","114518.0"
"1190.6361","33.0","18.0","-85.0","98166.0","114566.0"
"1190.6611","33.0","18.0","-85.0","98219.0","114756.0"
"1190.7362","33.0","18.0","-86.0","98229.0","114769.0"
"1190.7612","33.0","18.0","-86.0","98290.0","114948.0"
"1190.7863","33.0","19.0","-85.0","98318.0","114991.0"
"1190.8113","33.0","19.0","-85.0","98355.0","115191.0"
"1190.8864","34.0","18.0","-85.0","98284.0","114896.0"
"1190.9114","33.0","19.0","-85.0","98200.0","114710.0"
"1190.9364","33.0","18.0","-86.0","98058.0","114298.0"
"1190.9614","33.0","18.0","-85.0","98039.0","114260.0"
"1191.0365","33.0","18.0","-86.0","98031.0","114188.0"
"1191.0615","33.0","19.0","-86.0","98029.0","114249.0"
"1191.1366","33.0","18.0","-86.0","98118.0","114428.0"
"1191.1492","32.0","18.0","-85.0","98114.0","114455.0"
"1191.1616","33.0","19.0","-85.0","98177.0","114599.0"
"1191.1741","33.0","19.0","-86.0","98189.0","114645.0"
"1191.2367","33.0","18.0","-86.0","98239.0","114793.0"
"1191.2617","33.0","18.0","-85.0","98244.0","114805.0"
"1191.3368","33.0","18.0","-86.0","98317.0","114998.0"
"1191.3618","33.0","18.0","-85.0","98317.0","115049.0"
"1191.3868","33.0","18.0","-86.0","98191.0","114638.0"
"1191.4119","33.0","18.0","-85.0","98140.0","114557.0"
"1191.4869","33.0","18.0","-85.0","98003.0","114117.0"
"1191.512","33.0","19.0","-86.0","97952.0","114039.0"
"1191.537","33.0","18.0","-86.0","97933.0","113919.0"
"1191.562","33.0","18.0","-85.0","97930.0","113943.0"
"1191.6371","33.0","18.0","-86.0","98031.0","114119.0"
"1191.6621","33.0","19.0","-85.0","98028.0","114158.0"
"1191.6871","33.0","19.0","-85.0","98074.0","114300.0"
"1191.7122","33.0","18.0","-85.0","98077.0","114327.0"
"1191.7872","33.0","18.0","-85.0","98135.0","114474.0"
"1191.8123","33.0","19.0","-86.0","98156.0","114514.0"
"1191.8873","33.0","18.0","-85.0","98217.0","114734.0"
"1191.8999","33.0","18.0","-85.0","98207.0","114754.0"
"1191.9124","33.0","18.0","-85.0","98105.0","114417.0"
"1191.9248","33.0","19.0","-85.0","98049.0","114255.0"
"1191.9874","33.0","19.0","-85.0","97913.0","113889.0"
"1192.0125","33.0","18.0","-86.0","97886.0","113857.0"
"1192.0875","33.0","19.0","-85.0","97874.0","113750.0"
"1192.1125","33.0","19.0","-86.0","97885.0","113804.0"
"1192.1376","33.0","18.0","-86.0","97948.0","113969.0"
"1192.1626","33.0","18.0","-86.0","97967.0","113988.0"
"1192.2377","33.0","19.0","-86.0","98016.0","114136.0"
"1192.2627","33.0","19.0","-85.0","98030.0","114179.0"
"1192.2877","33.0","19.0","-86.0","98084.0","114329.0"
"1192.3127","33.0","18.0","-85.0","98076.0","114353.0"
"1192.4379","33.0","18.0","-85.0","98160.0","114551.0"
"1192.4546","32.0","18.0","-85.0","98161.0","114605.0"
"1192.4712","33.0","18.0","-85.0","98032.0","114217.0"
"1192.4879","33.0","19.0","-85.0","98011.0","114172.0"
"1192.513","33.0","19.0","-85.0","97906.0","113814.0"
"1192.588","33.0","18.0","-86.0","97865.0","113754.0"
"1192.613","33.0","19.0","-85.0","97861.0","113713.0"
"1192.6881","33.0","18.0","-85.0","97871.0","113736.0"
"1192.7131","33.0","19.0","-86.0","97962.0","113966.0"
"1192.7382","33.0","18.0","-86.0","97968.0","114015.0"
"1192.7632","33.0","18.0","-85.0","98038.0","114198.0"
"1192.7882","33.0","19.0","-85.0","98046.0","114224.0"
"1192.8132","33.0","19.0","-86.0","98116.0","114459.0"
"1192.8883","33.0","18.0","-85.0","98139.0","114521.0"
"1192.9884","33.0","18.0","-85.0","98209.0","114721.0"
"1193.0051","33.0","18.0","-86.0","98228.0","114768.0"
"1193.0217","33.0","19.0","-86.0","98125.0","114527.0"
"1193.0385","33.0","18.0","-86.0","98092.0","114384.0"
"1193.0635","33.0","19.0","-86.0","98001.0","114114.0"
"1193.1385","32.0","19.0","-86.0","97987.0","114114.0"
"1193.1636","32.0","18.0","-86.0","98018.0","114227.0"
"1193.1886","33.0","19.0","-86.0","98065.0","114295.0"
"1193.2136","33.0","18.0","-86.0","98135.0","114474.0"
"1193.2386","33.0","19.0","-86.0","98132.0","114500.0"
"1193.2637","33.0","18.0","-85.0","98182.0","114639.0"
"1193.3387","33.0","18.0","-85.0","98209.0","114692.0"
"1193.3638","32.0","18.0","-86.0","98267.0","114879.0"
"1193.4388","33.0","19.0","-86.0","98270.0","114916.0"
"1193.4889","33.0","19.0","-85.0","98329.0","115133.0"
"1193.5056","33.0","18.0","-86.0","98352.0","115153.0"
"1193.5222","33.0","18.0","-85.0","98172.0","114663.0"
"1193.539","33.0","18.0","-86.0","98150.0","114574.0"
"1193.564","33.0","19.0","-86.0","97999.0","114181.0"
"1193.639","33.0","18.0","-86.0","97979.0","114105.0"
"1193.6641","33.0","18.0","-85.0","97981.0","114069.0"
"1193.7892","33.0","18.0","-85.0","98048.0","114284.0"
"1193.8059","33.0","18.0","-86.0","98069.0","114298.0"
"1193.8225","33.0","18.0","-86.0","98114.0","114427.0"
"1193.8392","33.0","18.0","-85.0","98118.0","114472.0"
"1193.8643","33.0","18.0","-86.0","98175.0","114624.0"
"1193.9393","33.0","18.0","-85.0","98201.0","114671.0"
"1193.9644","33.0","18.0","-85.0","98243.0","114807.0"
"1193.9894","33.0","19.0","-85.0","98218.0","114767.0"
"1194.0144","33.0","18.0","-86.0","98051.0","114293.0"
"1194.0895","33.0","19.0","-86.0","97988.0","114143.0"
"1194.1145","33.0","18.0","-85.0","97894.0","113836.0"
"1194.1896","33.0","19.0","-86.0","97882.0","113807.0"
"1194.2146","33.0","18.0","-86.0","97908.0","113852.0"
"1194.2396","33.0","18.0","-86.0","97932.0","113881.0"
"1194.2646","33.0","18.0","-86.0","97983.0","114042.0"
"1194.2897","33.0","18.0","-85.0","98012.0","114080.0"
"1194.3147","33.0","18.0","-85.0","98061.0","114229.0"
"1194.3898","33.0","18.0","-85.0","98059.0","114261.0"
"1194.4148","32.0","18.0","-85.0","98115.0","114417.0"
"1194.4398","33.0","19.0","-86.0","98149.0","114445.0"
"1194.4648","33.0","18.0","-85.0","98157.0","114544.0"
"1194.5399","33.0","18.0","-85.0","98139.0","114466.0"
"1194.59","33.0","19.0","-86.0","97967.0","113994.0"
"1194.6067","33.0","18.0","-86.0","97928.0","113920.0"
"1194.6233","33.0","18.0","-85.0","97832.0","113629.0"
"1194.6901","33.0","18.0","-86.0","97833.0","113612.0"
"1194.7151","33.0","18.0","-85.0","97869.0","113699.0"
"1194.7401","33.0","19.0","-85.0","97880.0","113745.0"
"1194.7651","33.0","18.0","-85.0","97946.0","113887.0"
"1194.8402","32.0","18.0","-85.0","97959.0","113930.0"
"1194.8652","33.0","18.0","-86.0","97999.0","114068.0"
"1194.8903","32.0","18.0","-87.0","98019.0","114097.0"
"1194.9153","33.0","19.0","-86.0","98067.0","114283.0"
"1194.9904","33.0","18.0","-86.0","98109.0","114343.0"
"1195.0154","33.0","18.0","-86.0","98110.0","114350.0"
"1195.0404","32.0","19.0","-85.0","97892.0","113772.0"
"1195.0654","33.0","18.0","-86.0","97887.0","113745.0"
"1195.1405","33.0","19.0","-85.0","97822.0","113566.0"
"1195.1655","32.0","19.0","-86.0","97848.0","113570.0"
"1195.1906","33.0","18.0","-86.0","97913.0","113773.0"
"1195.2156","33.0","19.0","-86.0","97916.0","113811.0"
"1195.2906","33.0","18.0","-86.0","97989.0","113989.0"
"1195.3157","33.0","18.0","-85.0","98022.0","114021.0"
"1195.3907","33.0","18.0","-86.0","98066.0","114249.0"
"1195.4158","33.0","18.0","-85.0","98081.0","114278.0"
"1195.4408","33.0","19.0","-86.0","98154.0","114487.0"
"1195.4658","33.0","18.0","-86.0","98196.0","114551.0"
"1195.4908","33.0","19.0","-86.0","98171.0","114545.0"
"1195.5159","33.0","18.0","-85.0","98144.0","114480.0"
"1195.591","33.0","18.0","-86.0","98005.0","114103.0"
"1195.616","33.0","19.0","-86.0","98006.0","114058.0"
"1195.641","32.0","19.0","-85.0","97980.0","114044.0"
"1195.666","33.0","18.0","-85.0","98003.0","114067.0"
"1195.7411","33.0","18.0","-85.0","98083.0","114284.0"
"1195.7661","33.0","18.0","-86.0","98106.0","114317.0"
"1195.7911","33.0","19.0","-86.0","98157.0","114489.0"
"1195.8162","33.0","19.0","-85.0","98148.0","114501.0"
"1195.9413","33.0","18.0","-85.0","98210.0","114679.0"
"1195.958","32.0","18.0","-86.0","98223.0","114713.0"
"1195.9746","33.0","18.0","-86.0","98308.0","114953.0"
"1196.0414","33.0","18.0","-85.0","98315.0","114985.0"
"1196.0664","33.0","18.0","-85.0","98258.0","114804.0"
"1196.0914","32.0","19.0","-86.0","98231.0","114709.0"
"1196.1165","33.0","19.0","-85.0","98029.0","114150.0"
"1196.1915","32.0","18.0","-85.0","97994.0","114103.0"
"1196.2166","33.0","18.0","-85.0","97930.0","113916.0"
"1196.2416","33.0","18.0","-86.0","97952.0","113929.0"
"1196.2666","33.0","19.0","-86.0","98012.0","114104.0"
"1196.3417","33.0","19.0","-86.0","98026.0","114122.0"
"1196.3667","33.0","19.0","-86.0","98070.0","114245.0"
"1196.3917","33.0","18.0","-85.0","98080.0","114277.0"
"1196.4167","33.0","18.0","-85.0","98134.0","114459.0"
"1196.4918","33.0","18.0","-86.0","98143.0","114486.0"
"1196.5168","33.0","18.0","-85.0","98209.0","114663.0"
"1196.5419","33.0","18.0","-85.0","98213.0","114709.0"
"1196.5669","33.0","18.0","-86.0","98069.0","114321.0"
"1196.642","33.0","18.0","-85.0","98057.0","114234.0"
"1196.667","33.0","18.0","-86.0","97900.0","113834.0"
"1196.7921","33.0","19.0","-85.0","97872.0","113796.0"
"1196.8171","33.0","18.0","-86.0","97858.0","113656.0"
"1196.8422","33.0","18.0","-85.0","97868.0","113671.0"
"1196.8672","33.0","19.0","-86.0","97942.0","113885.0"
"1196.9423","33.0","18.0","-86.0","97943.0","113928.0"
"1196.9673","32.0","19.0","-85.0","98011.0","114050.0"
"1196.9923","33.0","18.0","-86.0","98018.0","114080.0"
"1197.0173","33.0","19.0","-85.0","98072.0","114242.0"
"1197.0924","33.0","18.0","-86.0","98070.0","114302.0"
"1197.1174","32.0","18.0","-85.0","98140.0","114494.0"
"1197.1425","32.0","18.0","-86.0","98159.0","114501.0"
"1197.1675","32.0","18.0","-86.0","97993.0","114083.0"
"1197.2426","33.0","18.0","-86.0","97966.0","114032.0"
"1197.2676","33.0","19.0","-86.0","97812.0","113597.0"
"1197.2926","33.0","19.0","-86.0","97813.0","113516.0"
"1197.3176","33.0","18.0","-86.0","97835.0","113568.0"
"1197.3927","32.0","19.0","-86.0","97888.0","113719.0"
"1197.4177","33.0","18.0","-86.0","97901.0","113764.0"
"1197.4928","33.0","19.0","-86.0","97939.0","113893.0"
"1197.5095","32.0","19.0","-85.0","97956.0","113922.0"
"1197.5261","33.0","18.0","-86.0","98025.0","114166.0"
"1197.5428","33.0","19.0","-86.0","98042.0","114188.0"
"1197.5929","33.0","18.0","-86.0","98138.0","114412.0"
"1197.6179","33.0","18.0","-86.0","98134.0","114448.0"
"1197.693","33.0","18.0","-86.0","97980.0","113990.0"
"1197.718","33.0","18.0","-86.0","97951.0","113918.0"
"1197.743","32.0","19.0","-85.0","97836.0","113638.0"
"1197.7681","33.0","18.0","-85.0","97825.0","113623.0"
"1197.7931","33.0","18.0","-86.0","97877.0","113694.0"
"1197.8181","33.0","18.0","-85.0","97892.0","113737.0"
"1197.8932","33.0","18.0","-86.0","97972.0","113979.0"
"1197.9182","32.0","18.0","-86.0","97900.0","113834.0"
"1197.9933","32.0","18.0","-86.0","98075.0","114222.0"
"1198.0183","33.0","19.0","-86.0","98076.0","114250.0"
"1198.0433","33.0","18.0","-86.0","98145.0","114451.0"
"1198.0684","33.0","18.0","-86.0","98238.0","114730.0"
"1198.1434","33.0","18.0","-86.0","98088.0","114325.0"
"1198.1685","33.0","19.0","-86.0","98058.0","114204.0"
"1198.1935","33.0","18.0","-86.0","97979.0","114009.0"
"1198.2185","32.0","19.0","-86.0","97973.0","114017.0"
"1198.2435","32.0","18.0","-86.0","98029.0","114169.0"
"1198.2936","32.0","18.0","-86.0","98061.0","114226.0"
"1198.3436","33.0","18.0","-86.0","98099.0","114368.0"
"1198.3687","33.0","18.0","-85.0","98128.0","114398.0"
"1198.4437","32.0","18.0","-85.0","98172.0","114571.0"
"1198.4688","33.0","18.0","-86.0","98205.0","114626.0"
"1198.4938","33.0","18.0","-85.0","98258.0","114820.0"
"1198.5188","32.0","18.0","-86.0","98270.0","114848.0"
"1198.5939","33.0","18.0","-86.0","98328.0","115025.0"
"1198.6189","33.0","18.0","-86.0","98306.0","114938.0"
"1198.6439","33.0","18.0","-86.0","98099.0","114410.0"
"1198.669","32.0","18.0","-87.0","98085.0","114305.0"
"1198.744","33.0","18.0","-85.0","97963.0","113953.0"
"1198.769","32.0","19.0","-86.0","97925.0","113874.0"
"1198.7941","33.0","18.0","-86.0","97943.0","113915.0"
"1198.8191","33.0","18.0","-85.0","97972.0","113953.0"
"1198.8441","33.0","18.0","-86.0","98003.0","114084.0"
"1198.8691","33.0","18.0","-86.0","98026.0","114151.0"
"1198.9442","33.0","18.0","-86.0","98105.0","114292.0"
"1198.9692","33.0","17.0","-86.0","98087.0","114324.0"
"1198.9943","33.0","18.0","-86.0","98128.0","114458.0"
"1199.0443","33.0","18.0","-85.0","98162.0","114538.0"
"1199.0944","33.0","18.0","-85.0","98164.0","114545.0"
"1199.1194","33.0","18.0","-85.0","98147.0","114454.0"
"1199.1945","33.0","18.0","-85.0","97962.0","113961.0"
"1199.2195","33.0","18.0","-86.0","97911.0","113840.0"
"1199.2445","33.0","18.0","-86.0","97827.0","113607.0"
"1199.2695","33.0","18.0","-86.0","97835.0","113581.0"
"1199.3446","33.0","18.0","-85.0","97893.0","113667.0"
"1199.3696","33.0","19.0","-85.0","97887.0","113743.0"
"1199.3947","33.0","18.0","-86.0","97943.0","113862.0"
"1199.4197","33.0","19.0","-85.0","97962.0","113895.0"
"1199.4948","33.0","18.0","-85.0","98026.0","114043.0"
"1199.5198","33.0","18.0","-85.0","98023.0","114106.0"
"1199.5448","32.0","18.0","-86.0","98096.0","114285.0"
"1199.5698","33.0","18.0","-86.0","98089.0","114288.0"
"1199.5948","33.0","18.0","-86.0","98117.0","114297.0"
"1199.6199","33.0","19.0","-86.0","98021.0","114095.0"
"1199.695","32.0","18.0","-86.0","97862.0","113669.0"
"1199.72","33.0","18.0","-86.0","97855.0","113605.0"
"1199.795","33.0","18.0","-86.0","97799.0","113404.0"
"1199.8201","32.0","18.0","-86.0","97770.0","113383.0"
"1199.8451","32.0","18.0","-86.0","97824.0","113550.0"
"1199.8701","32.0","19.0","-86.0","97835.0","113586.0"
"1199.9452","33.0","18.0","-85.0","97911.0","113697.0"
"1199.9702","32.0","19.0","-86.0","97904.0","113754.0"
"1199.9952","33.0","18.0","-85.0","97953.0","113896.0"
"1200.0203","33.0","18.0","-86.0","97973.0","113920.0"
"1200.0453","32.0","19.0","-86.0","98046.0","114124.0"
"1200.0703","32.0","19.0","-86.0","98069.0","114205.0"
"1200.1454","33.0","18.0","-85.0","98018.0","114098.0"
"1200.1704","33.0","18.0","-86.0","98006.0","114018.0"
"1200.2455","33.0","18.0","-86.0","97867.0","113583.0"
"1200.2705","33.0","18.0","-85.0","97812.0","113499.0"
"1200.2955","32.0","18.0","-86.0","97766.0","113401.0"
"1200.3206","33.0","18.0","-86.0","97764.0","113419.0"
"1200.4457","33.0","18.0","-86.0","97883.0","113643.0"
"1200.4624","33.0","18.0","-85.0","97877.0","113709.0"
"1200.479","33.0","19.0","-86.0","97950.0","113889.0"
"1200.5458","33.0","18.0","-85.0","97976.0","113922.0"
"1200.5708","33.0","18.0","-86.0","98038.0","114122.0"
"1200.5958","32.0","18.0","-86.0","98051.0","114172.0"
"1200.6208","32.0","18.0","-85.0","98125.0","114398.0"
"1200.6459","33.0","19.0","-86.0","98136.0","114444.0"
"1200.6709","33.0","18.0","-87.0","98128.0","114369.0"
"1200.746","32.0","18.0","-86.0","98068.0","114226.0"
"1200.771","33.0","19.0","-85.0","97947.0","113906.0"
"1200.8461","33.0","18.0","-86.0","97937.0","113897.0"
"1200.8711","32.0","19.0","-85.0","97947.0","113940.0"
"1200.8961","33.0","18.0","-86.0","97972.0","114012.0"
"1200.9211","32.0","19.0","-86.0","98051.0","114206.0"
"1200.9962","33.0","18.0","-86.0","98057.0","114223.0"
"1201.0212","33.0","18.0","-86.0","98113.0","114394.0"
"1201.0463","32.0","18.0","-86.0","98128.0","114426.0"
"1201.0713","33.0","18.0","-85.0","98205.0","114613.0"
"1201.0963","33.0","18.0","-85.0","98211.0","114645.0"
"1201.1213","33.0","18.0","-86.0","98278.0","114866.0"
"1201.1964","33.0","18.0","-86.0","98280.0","114904.0"
"1201.2214","33.0","18.0","-86.0","98172.0","114570.0"
"1201.2465","33.0","18.0","-86.0","98139.0","114475.0"
"1201.2715","33.0","19.0","-86.0","97957.0","114015.0"
"1201.3466","33.0","18.0","-86.0","97936.0","113883.0"
"1201.3716","33.0","18.0","-85.0","97886.0","113755.0"
"1201.3966","32.0","19.0","-86.0","97889.0","113775.0"
"1201.4216","33.0","19.0","-85.0","97946.0","113982.0"
"1201.4967","32.0","19.0","-85.0","97976.0","114002.0"
"1201.5217","33.0","18.0","-86.0","98040.0","114163.0"
"1201.5968","33.0","18.0","-85.0","98048.0","114182.0"
"1201.6218","33.0","18.0","-86.0","98100.0","114359.0"
"1201.6469","32.0","18.0","-86.0","98119.0","114395.0"
"1201.6719","33.0","18.0","-85.0","98165.0","114536.0"
"1201.6969","33.0","18.0","-85.0","97977.0","114039.0"
"1201.7219","33.0","18.0","-85.0","97967.0","113979.0"
"1201.847","33.0","18.0","-86.0","97918.0","113838.0"
"1201.8638","33.0","18.0","-85.0","97921.0","113856.0"
"1201.8804","32.0","18.0","-86.0","97988.0","114041.0"
"1201.9471","33.0","19.0","-86.0","98016.0","114119.0"
"1201.9722","33.0","18.0","-86.0","98067.0","114253.0"
"1201.9972","33.0","18.0","-85.0","98068.0","114275.0"
"1202.0222","33.0","18.0","-86.0","98121.0","114418.0"
"1202.1974","33.0","18.0","-85.0","98151.0","114467.0"
"1202.2141","33.0","18.0","-86.0","98196.0","114654.0"
"1202.2307","33.0","18.0","-86.0","98223.0","114682.0"
"1202.2474","33.0","18.0","-86.0","98277.0","114884.0"
"1202.2725","32.0","18.0","-86.0","98255.0","114833.0"
"1202.2975","33.0","19.0","-86.0","98064.0","114243.0"
"1202.3225","33.0","18.0","-86.0","98010.0","114144.0"
"1202.3976","33.0","18.0","-85.0","97878.0","113770.0"
"1202.4226","33.0","18.0","-86.0","97857.0","113672.0"
"1202.4476","33.0","18.0","-86.0","97852.0","113664.0"
"1202.4727","33.0","18.0","-86.0","97858.0","113693.0"
"1202.5477","33.0","18.0","-86.0","97928.0","113864.0"
"1202.5728","33.0","18.0","-86.0","97924.0","113887.0"
"1202.6478","33.0","19.0","-86.0","97993.0","114022.0"
"1202.6729","32.0","18.0","-85.0","97994.0","114054.0"
"1202.6979","33.0","18.0","-86.0","98060.0","114216.0"
"1202.7229","33.0","18.0","-85.0","98068.0","114246.0"
"1202.798","33.0","19.0","-86.0","98104.0","114403.0"
"1202.823","32.0","18.0","-85.0","98097.0","114343.0"
"1202.8981","32.0","18.0","-86.0","97912.0","113831.0"
"1202.9231","32.0","18.0","-86.0","97879.0","113774.0"
"1202.9982","32.0","19.0","-86.0","97805.0","113534.0"
"1203.0232","33.0","18.0","-85.0","97801.0","113509.0"
"1203.0482","33.0","19.0","-86.0","97855.0","113628.0"
"1203.0732","33.0","18.0","-86.0","97872.0","113674.0"
"1203.1483","32.0","18.0","-85.0","97940.0","113861.0"
"1203.1733","33.0","18.0","-86.0","97940.0","113886.0"
"1203.2985","33.0","18.0","-86.0","98028.0","114112.0"
"1203.3152","33.0","18.0","-85.0","98117.0","114365.0"
"1203.3318","33.0","18.0","-86.0","98123.0","114390.0"
"1203.3485","33.0","19.0","-86.0","98164.0","114562.0"
"1203.3735","32.0","18.0","-86.0","98148.0","114490.0"
"1203.4486","32.0","18.0","-86.0","97992.0","114052.0"
"1203.4736","33.0","18.0","-86.0","97997.0","114025.0"
"1203.4987","33.0","18.0","-86.0","97937.0","113847.0"
"1203.5237","33.0","18.0","-85.0","98011.0","114102.0"
"1203.5487","33.0","18.0","-85.0","98017.0","114156.0"
"1203.5737","32.0","18.0","-86.0","98079.0","114326.0"
"1203.6488","33.0","18.0","-86.0","98104.0","114358.0"
"1203.6738","33.0","18.0","-86.0","98150.0","114488.0"
"1203.6989","33.0","18.0","-86.0","98151.0","114528.0"
"1203.7239","33.0","18.0","-86.0","98244.0","114756.0"
"1203.799","32.0","18.0","-87.0","98242.0","114792.0"
"1203.824","33.0","18.0","-86.0","98277.0","114875.0"
"1203.849","32.0","18.0","-86.0","98260.0","114780.0"
"1203.874","33.0","18.0","-86.0","98027.0","114197.0"
"1203.9491","33.0","18.0","-86.0","98012.0","114119.0"
"1203.9741","33.0","18.0","-86.0","97901.0","113846.0"
"1204.0492","33.0","19.0","-85.0","97930.0","113842.0"
"1204.0742","33.0","18.0","-86.0","97954.0","113977.0"
"1204.0992","33.0","18.0","-86.0","97982.0","114011.0"
"1204.1243","32.0","18.0","-86.0","98014.0","114137.0"
"1204.1993","33.0","18.0","-86.0","98045.0","114159.0"
"1204.2244","33.0","18.0","-86.0","98163.0","114556.0"
"1204.2494","33.0","19.0","-85.0","98196.0","114579.0"
"1204.2744","33.0","18.0","-85.0","98125.0","114425.0"
"1204.3495","33.0","18.0","-85.0","98086.0","114328.0"
"1204.3745","32.0","18.0","-86.0","97926.0","113855.0"
"1204.3995","32.0","18.0","-85.0","97924.0","113798.0"
"1204.4246","33.0","18.0","-85.0","97806.0","113541.0"
"1204.4496","33.0","18.0","-86.0","97813.0","113559.0"
"1204.4746","33.0","19.0","-86.0","97869.0","113713.0"
"1204.5497","33.0","18.0","-86.0","97947.0","113922.0"
"1204.5747","32.0","18.0","-85.0","97958.0","113956.0"
"1204.5997","33.0","18.0","-85.0","98007.0","114097.0"
"1204.6498","32.0","19.0","-86.0","98015.0","114100.0"
"1204.6998","33.0","18.0","-86.0","98095.0","114318.0"
"1204.7249","33.0","18.0","-86.0","98104.0","114344.0"
"1204.7499","33.0","18.0","-86.0","98040.0","114190.0"
"1204.7749","33.0","18.0","-86.0","98002.0","114108.0"
"1204.85","32.0","19.0","-85.0","97820.0","113605.0"
"1204.875","33.0","18.0","-86.0","97799.0","113558.0"
"1204.9501","32.0","18.0","-86.0","97759.0","113389.0"
"1204.9751","33.0","18.0","-85.0","97736.0","113404.0"
"1205.0001","33.0","18.0","-86.0","97837.0","113586.0"
"1205.0502","32.0","18.0","-86.0","97836.0","113595.0"
"1205.0669","32.0","18.0","-85.0","97879.0","113744.0"
"1205.0835","33.0","19.0","-86.0","97882.0","113784.0"
"1205.1503","32.0","18.0","-85.0","97941.0","113956.0"
"1205.1753","32.0","18.0","-86.0","97972.0","113988.0"
"1205.2003","33.0","18.0","-86.0","98033.0","114162.0"
"1205.2253","33.0","18.0","-86.0","98039.0","114214.0"
"1205.3004","33.0","18.0","-86.0","97949.0","113916.0"
"1205.3254","32.0","18.0","-85.0","97909.0","113852.0"
"1205.4005","33.0","18.0","-85.0","97789.0","113482.0"
"1205.4255","32.0","19.0","-86.0","97774.0","113471.0"
"1205.4506","32.0","19.0","-86.0","97726.0","113343.0"
"1205.4756","33.0","19.0","-85.0","97751.0","113367.0"
"1205.5006","33.0","18.0","-86.0","97840.0","113596.0"
"1205.5256","32.0","19.0","-86.0","97838.0","113647.0"
"1205.6007","32.0","19.0","-85.0","97912.0","113839.0"
"1205.6257","33.0","19.0","-86.0","97921.0","113858.0"
"1205.6508","33.0","18.0","-85.0","98007.0","114081.0"
"1205.6758","32.0","19.0","-85.0","98008.0","114134.0"
"1205.7509","32.0","18.0","-86.0","98107.0","114371.0"
"1205.7759","33.0","18.0","-85.0","98119.0","114409.0"
"1205.8009","32.0","19.0","-86.0","98055.0","114217.0"
"1205.8259","33.0","18.0","-86.0","98009.0","114167.0"
"1205.901","33.0","19.0","-85.0","97891.0","113799.0"
"1205.926","33.0","18.0","-86.0","97880.0","113793.0"
"1205.951","32.0","18.0","-85.0","97924.0","113867.0"
"1205.9761","32.0","18.0","-85.0","98002.0","114108.0"
"1206.0511","33.0","19.0","-86.0","98013.0","114135.0"
"1206.0762","33.0","18.0","-86.0","98027.0","114153.0"
"1206.1012","33.0","18.0","-85.0","98085.0","114317.0"
"1206.1262","32.0","19.0","-85.0","98079.0","114362.0"
"1206.2013","33.0","18.0","-85.0","98163.0","114542.0"
"1206.2263","33.0","18.0","-86.0","98163.0","114560.0"
"1206.2513","33.0","18.0","-86.0","98236.0","114787.0"
"1206.2764","33.0","18.0","-87.0","98260.0","114837.0"
"1206.3514","32.0","18.0","-85.0","98114.0","114400.0"
"1206.3765","32.0","18.0","-86.0","98076.0","114320.0"
"1206.4015","33.0","18.0","-86.0","97918.0","113895.0"
"1206.4265","32.0","18.0","-85.0","97888.0","113813.0"
"1206.6017","33.0","18.0","-86.0","97880.0","113720.0"
"1206.6184","32.0","18.0","-85.0","97888.0","113755.0"
"1206.635","33.0","18.0","-86.0","97956.0","113940.0"
"1206.6517","32.0","18.0","-86.0","97962.0","113960.0"
"1206.6768","33.0","18.0","-85.0","98017.0","114112.0"
"1206.7018","33.0","18.0","-86.0","98033.0","114147.0"
"1206.7268","33.0","18.0","-85.0","98087.0","114313.0"
"1206.8019","33.0","18.0","-86.0","98114.0","114369.0"
"1206.8269","33.0","18.0","-86.0","98149.0","114524.0"
"1206.952","33.0","18.0","-86.0","98158.0","114504.0"
"1206.9688","33.0","18.0","-86.0","97985.0","114042.0"
"1206.9854","33.0","18.0","-85.0","97938.0","113900.0"
"1207.0021","33.0","18.0","-86.0","97834.0","113557.0"
"1207.0271","33.0","18.0","-86.0","97818.0","113526.0"
"1207.1022","33.0","18.0","-86.0","97807.0","113518.0"
"1207.1272","33.0","18.0","-86.0","97836.0","113583.0"
"1207.1522","33.0","18.0","-85.0","97912.0","113742.0"
"1207.1772","33.0","18.0","-86.0","97901.0","113773.0"
"1207.2523","32.0","18.0","-85.0","97966.0","113914.0"
"1207.2773","33.0","18.0","-86.0","97976.0","113969.0"
"1207.3024","33.0","18.0","-86.0","98042.0","114134.0"
"1207.3274","32.0","19.0","-86.0","98040.0","114170.0"
"1207.4525","32.0","19.0","-86.0","98093.0","114339.0"
"1207.4692","32.0","18.0","-85.0","98066.0","114259.0"
"1207.4858","32.0","18.0","-86.0","97881.0","113773.0"
"1207.5526","33.0","18.0","-86.0","97874.0","113688.0"
"1207.5776","32.0","18.0","-86.0","97763.0","113382.0"
"1207.6027","32.0","18.0","-86.0","97746.0","113341.0"
"1207.6277","32.0","18.0","-86.0","97776.0","113405.0"
"1207.7028","33.0","18.0","-86.0","97785.0","113443.0"
"1207.7278","32.0","18.0","-86.0","97856.0","113595.0"
"1207.7528","33.0","19.0","-85.0","97864.0","113642.0"
"1207.7778","32.0","18.0","-86.0","97922.0","113787.0"
"1207.8529","33.0","18.0","-85.0","97938.0","113819.0"
"1207.8779","33.0","18.0","-85.0","97977.0","114012.0"
"1207.903","33.0","18.0","-86.0","98049.0","114174.0"
"1207.928","32.0","18.0","-86.0","98014.0","114103.0"
"1208.003","32.0","19.0","-86.0","97886.0","113653.0"
"1208.0281","32.0","18.0","-86.0","97827.0","113521.0"
"1208.0531","32.0","18.0","-86.0","97756.0","113327.0"
"1208.0781","33.0","18.0","-85.0","97750.0","113327.0"
"1208.1532","33.0","18.0","-86.0","97830.0","113489.0"
"1208.1782","32.0","18.0","-86.0","97843.0","113579.0"
"1208.2533","32.0","18.0","-86.0","97911.0","113770.0"
"1208.27","32.0","18.0","-85.0","97988.0","114000.0"
"1208.2866","32.0","18.0","-86.0","98008.0","114048.0"
"1208.3534","32.0","19.0","-85.0","98085.0","114259.0"
"1208.3784","32.0","18.0","-85.0","98086.0","114301.0"
"1208.4535","32.0","18.0","-86.0","98134.0","114382.0"
"1208.4785","33.0","18.0","-85.0","98072.0","114226.0"
"1208.5035","32.0","18.0","-86.0","97940.0","113863.0"
"1208.5536","33.0","18.0","-86.0","97935.0","113818.0"
"1208.5703","33.0","18.0","-86.0","97944.0","113798.0"
"1208.5869","32.0","18.0","-86.0","97939.0","113849.0"
"1208.6537","32.0","19.0","-85.0","98002.0","114053.0"
"1208.6787","33.0","18.0","-86.0","98003.0","114096.0"
"1208.7538","33.0","18.0","-85.0","98079.0","114215.0"
"1208.7788","33.0","19.0","-86.0","98152.0","114461.0"
"1208.8038","32.0","18.0","-85.0","98160.0","114477.0"
"1208.8289","32.0","18.0","-86.0","98235.0","114676.0"
"1208.8539","32.0","18.0","-86.0","98242.0","114760.0"
"1208.8789","33.0","18.0","-86.0","98160.0","114489.0"
"1208.954","33.0","18.0","-85.0","98119.0","114418.0"
"1208.979","33.0","18.0","-85.0","97965.0","113931.0"
"1209.0541","33.0","18.0","-86.0","97906.0","113819.0"
"1209.0791","33.0","18.0","-86.0","97863.0","113673.0"
"1209.1041","33.0","18.0","-85.0","97866.0","113665.0"
"1209.1292","33.0","18.0","-86.0","97926.0","113855.0"
"1209.2042","33.0","18.0","-85.0","97963.0","113890.0"
"1209.2292","32.0","18.0","-85.0","97988.0","114048.0"
"1209.2543","33.0","18.0","-86.0","98022.0","114073.0"
"1209.2793","32.0","19.0","-85.0","98056.0","114230.0"
"1209.3544","33.0","18.0","-85.0","98072.0","114292.0"
"1209.3794","32.0","18.0","-86.0","98151.0","114451.0"
"1209.4044","32.0","18.0","-86.0","98164.0","114504.0"
"1209.4294","32.0","18.0","-85.0","98065.0","114292.0"
"1209.4545","32.0","19.0","-85.0","98018.0","114090.0"
"1209.4795","33.0","18.0","-86.0","97851.0","113652.0"
"1209.5546","32.0","18.0","-86.0","97785.0","113390.0"
"1209.5796","32.0","18.0","-85.0","97777.0","113417.0"
"1209.7047","33.0","18.0","-85.0","97833.0","113612.0"
"1209.7297","33.0","18.0","-86.0","97846.0","113630.0"
"1209.8048","33.0","19.0","-86.0","97884.0","113792.0"
"1209.8298","32.0","18.0","-86.0","97931.0","113822.0"
"1209.8549","33.0","18.0","-86.0","97985.0","113979.0"
"1209.955","33.0","18.0","-86.0","97993.0","114007.0"
"1209.9717","33.0","18.0","-86.0","98064.0","114212.0"
"1209.9883","32.0","18.0","-86.0","98071.0","114224.0"
"1210.005","32.0","18.0","-85.0","97970.0","113945.0"
"1210.03","33.0","18.0","-86.0","97943.0","113848.0"
"1210.1051","32.0","18.0","-86.0","97784.0","113472.0"
"1210.1301","33.0","19.0","-85.0","97754.0","113359.0"
"1210.1552","33.0","18.0","-86.0","97727.0","113273.0"
"1210.1802","32.0","18.0","-86.0","97723.0","113281.0"
"1210.2552","32.0","19.0","-86.0","97781.0","113499.0"
"1210.2803","33.0","18.0","-86.0","97813.0","113518.0"
"1210.3053","33.0","19.0","-86.0","97886.0","113674.0"
"1210.3303","32.0","18.0","-86.0","97886.0","113688.0"
"1210.4054","33.0","18.0","-86.0","97933.0","113857.0"
"1210.4304","33.0","18.0","-85.0","97967.0","113915.0"
"1210.4554","33.0","18.0","-85.0","98033.0","114105.0"
"1210.4805","32.0","18.0","-86.0","98033.0","114133.0"
"1210.5055","32.0","18.0","-85.0","98022.0","114073.0"
"1210.5305","33.0","19.0","-85.0","97875.0","113692.0"
"1210.6056","32.0","19.0","-86.0","97746.0","113342.0"
"1210.6306","32.0","18.0","-86.0","97735.0","113302.0"
"1210.7057","33.0","18.0","-86.0","97744.0","113259.0"
"1210.7307","32.0","18.0","-85.0","97747.0","113293.0"
"1210.7557","32.0","18.0","-86.0","97825.0","113535.0"
"1210.7808","33.0","18.0","-86.0","97833.0","113565.0"
"1210.8058","32.0","18.0","-85.0","97903.0","113766.0"
"1210.8308","32.0","18.0","-86.0","97936.0","113827.0"
"1210.9059","32.0","18.0","-86.0","98015.0","114014.0"
"1210.9309","32.0","18.0","-86.0","98021.0","114058.0"
"1211.006","33.0","18.0","-86.0","98091.0","114276.0"
"1211.031","33.0","18.0","-86.0","97962.0","113904.0"
"1211.056","33.0","18.0","-86.0","97871.0","113655.0"
"1211.081","33.0","18.0","-85.0","97877.0","113694.0"
"1211.1561","32.0","18.0","-86.0","97968.0","113873.0"
"1211.1812","32.0","19.0","-86.0","97962.0","113928.0"
"1211.2062","33.0","18.0","-85.0","98025.0","114096.0"
"1211.2312","32.0","18.0","-86.0","98036.0","114123.0"
"1211.2562","33.0","19.0","-86.0","98101.0","114295.0"
"1211.2812","33.0","18.0","-85.0","98132.0","114309.0"
"1211.3563","33.0","19.0","-85.0","98172.0","114532.0"
"1211.3813","32.0","19.0","-85.0","98204.0","114561.0"
"1211.4564","33.0","18.0","-85.0","98260.0","114755.0"
"1211.4814","33.0","18.0","-85.0","98254.0","114754.0"
"1211.5065","33.0","19.0","-86.0","98037.0","114120.0"
"1211.5315","32.0","18.0","-86.0","98004.0","114019.0"
"1211.6066","33.0","18.0","-86.0","97867.0","113661.0"
"1211.6316","33.0","18.0","-86.0","97871.0","113618.0"
"1211.6566","33.0","18.0","-86.0","97859.0","113580.0"
"1211.6816","33.0","19.0","-85.0","97871.0","113607.0"
"1211.7067","33.0","18.0","-85.0","97947.0","113780.0"
"1211.7317","33.0","18.0","-86.0","97955.0","113808.0"
"1211.8068","33.0","18.0","-85.0","98000.0","113964.0"
"1211.8318","33.0","18.0","-85.0","97998.0","113992.0"
"1211.8568","33.0","18.0","-85.0","98062.0","114137.0"
"1211.9569","33.0","18.0","-86.0","98084.0","114174.0"
"1211.9736","33.0","18.0","-85.0","98130.0","114346.0"
"1211.9902","33.0","19.0","-86.0","98116.0","114294.0"
"1212.007","33.0","18.0","-86.0","97938.0","113771.0"
"1212.032","33.0","18.0","-86.0","97922.0","113690.0"
"1212.107","33.0","18.0","-85.0","97776.0","113344.0"
"1212.1321","33.0","18.0","-86.0","97769.0","113326.0"
"1212.1571","32.0","18.0","-85.0","97788.0","113341.0"
"1212.2572","32.0","18.0","-86.0","97794.0","113370.0"
"1212.2739","33.0","18.0","-85.0","97868.0","113567.0"
"1212.2905","33.0","18.0","-85.0","97872.0","113599.0"
"1212.3573","33.0","18.0","-86.0","97924.0","113745.0"
"1212.3823","33.0","18.0","-86.0","97956.0","113770.0"
"1212.4574","33.0","18.0","-86.0","98022.0","113940.0"
"1212.4741","33.0","18.0","-86.0","98018.0","113988.0"
"1212.4907","33.0","19.0","-86.0","98071.0","114138.0"
"1212.5575","32.0","19.0","-85.0","98056.0","114085.0"
"1212.5825","32.0","18.0","-85.0","97841.0","113513.0"
"1212.6576","32.0","18.0","-85.0","97828.0","113452.0"
"1212.6826","33.0","19.0","-85.0","97715.0","113133.0"
"1212.7076","33.0","18.0","-85.0","97727.0","113096.0"
"1212.7327","33.0","18.0","-86.0","97715.0","113156.0"
"1212.8077","32.0","19.0","-86.0","97749.0","113189.0"
"1212.8328","32.0","18.0","-85.0","97782.0","113360.0"
"1212.8578","32.0","18.0","-86.0","97797.0","113364.0"
"1212.8828","32.0","18.0","-86.0","97856.0","113540.0"
"1212.9078","32.0","18.0","-86.0","97853.0","113561.0"
"1212.9329","32.0","18.0","-86.0","97922.0","113734.0"
"1213.0079","33.0","18.0","-86.0","97935.0","113744.0"
"1213.033","33.0","18.0","-86.0","97994.0","113911.0"
"1213.058","33.0","18.0","-86.0","97984.0","113841.0"
"1213.083","32.0","18.0","-86.0","97800.0","113378.0"
"1213.1581","33.0","18.0","-86.0","97777.0","113320.0"
"1213.1831","32.0","18.0","-85.0","97672.0","113057.0"
"1213.2081","33.0","19.0","-86.0","97681.0","113040.0"
"1213.3082","32.0","18.0","-85.0","97717.0","113155.0"
"1213.325","32.0","18.0","-86.0","97769.0","113258.0"
"1213.3416","33.0","18.0","-86.0","97818.0","113432.0"
"1213.4083","33.0","18.0","-85.0","97833.0","113450.0"
"1213.4333","33.0","18.0","-86.0","97914.0","113658.0"
"1213.4584","32.0","18.0","-86.0","97912.0","113715.0"
"1213.4834","32.0","18.0","-85.0","98009.0","113927.0"
"1213.5084","32.0","18.0","-86.0","98010.0","113970.0"
"1213.5334","33.0","18.0","-85.0","98067.0","114150.0"
"1213.6085","33.0","18.0","-85.0","98033.0","114028.0"
"1213.6335","33.0","19.0","-86.0","97900.0","113634.0"
"1213.6586","33.0","18.0","-85.0","97880.0","113575.0"
"1213.6836","32.0","18.0","-86.0","97830.0","113455.0"
"1213.7587","33.0","18.0","-85.0","97922.0","113718.0"
"1213.7837","33.0","18.0","-85.0","97923.0","113751.0"
"1213.8087","33.0","18.0","-85.0","97972.0","113891.0"
"1213.8337","33.0","18.0","-86.0","97956.0","113930.0"
"1213.9088","32.0","18.0","-85.0","98050.0","114111.0"
"1213.9338","33.0","18.0","-86.0","98058.0","114139.0"
"1213.9589","33.0","18.0","-86.0","98129.0","114342.0"
"1213.9839","33.0","18.0","-86.0","98147.0","114383.0"
"1214.059","33.0","18.0","-85.0","98149.0","114401.0"
"1214.084","33.0","18.0","-86.0","98115.0","114327.0"
"1214.159","33.0","18.0","-86.0","97941.0","113829.0"
"1214.1841","33.0","18.0","-85.0","97912.0","113766.0"
"1214.2091","32.0","18.0","-85.0","97804.0","113435.0"
"1214.2341","33.0","18.0","-86.0","97805.0","113416.0"
"1214.2592","32.0","18.0","-86.0","97840.0","113518.0"
"1214.2842","33.0","18.0","-86.0","97844.0","113569.0"
"1214.3593","33.0","18.0","-86.0","97909.0","113717.0"
"1214.3843","33.0","18.0","-85.0","97922.0","113742.0"
"1214.4093","33.0","18.0","-86.0","97969.0","113902.0"
"1214.4343","33.0","18.0","-86.0","97990.0","113975.0"
"1214.5094","33.0","18.0","-85.0","98055.0","114140.0"
"1214.5344","33.0","18.0","-86.0","98057.0","114164.0"
"1214.5594","33.0","18.0","-86.0","98017.0","114036.0"
"1214.5845","33.0","18.0","-86.0","97958.0","113866.0"
"1214.6595","33.0","18.0","-86.0","97795.0","113414.0"
"1214.6846","33.0","18.0","-86.0","97775.0","113354.0"
"1214.7596","33.0","18.0","-86.0","97701.0","113149.0"
"1214.7847","33.0","19.0","-86.0","97713.0","113149.0"
"1214.8097","33.0","18.0","-85.0","97771.0","113317.0"
"1214.8347","33.0","18.0","-86.0","97784.0","113354.0"
"1214.8597","33.0","18.0","-85.0","97837.0","113511.0"
"1214.8848","33.0","19.0","-85.0","97838.0","113554.0"
"1214.9598","32.0","18.0","-85.0","97902.0","113709.0"
"1214.9849","33.0","18.0","-85.0","97919.0","113739.0"
"1215.0099","33.0","18.0","-86.0","97978.0","113928.0"
"1215.0349","33.0","19.0","-86.0","98009.0","113996.0"
"1215.11","32.0","18.0","-85.0","97897.0","113731.0"
"1215.135","32.0","18.0","-86.0","97898.0","113633.0"
"1215.16","32.0","19.0","-87.0","97727.0","113231.0"
"1215.185","32.0","18.0","-86.0","97698.0","113148.0"
"1215.2601","32.0","18.0","-86.0","97648.0","113002.0"
"1215.2852","33.0","18.0","-86.0","97672.0","113029.0"
"1215.3102","32.0","18.0","-86.0","97733.0","113197.0"
"1215.3352","32.0","19.0","-86.0","97740.0","113254.0"
"1215.4103","32.0","18.0","-85.0","97794.0","113432.0"
"1215.4353","32.0","18.0","-87.0","97811.0","113434.0"
"1215.5104","33.0","18.0","-86.0","97858.0","113591.0"
"1215.523","33.0","18.0","-85.0","97893.0","113666.0"
"1215.5354","32.0","18.0","-85.0","97969.0","113846.0"
"1215.5479","32.0","18.0","-85.0","97977.0","113877.0"
"1215.6105","32.0","19.0","-85.0","97858.0","113594.0"
"1215.6355","33.0","18.0","-85.0","97807.0","113443.0"
"1215.7106","33.0","18.0","-86.0","97682.0","113110.0"
"1215.7356","33.0","18.0","-85.0","97668.0","113057.0"
"1215.7606","33.0","18.0","-86.0","97654.0","112995.0"
"1215.7856","32.0","18.0","-86.0","97679.0","113066.0"
"1215.8107","32.0","18.0","-86.0","97768.0","113286.0"
"1215.8357","33.0","18.0","-86.0","97768.0","113303.0"
"1215.9108","32.0","18.0","-86.0","97839.0","113501.0"
"1215.9358","32.0","18.0","-86.0","97867.0","113573.0"
"1216.0109","32.0","19.0","-85.0","97935.0","113795.0"
"1216.0359","32.0","19.0","-86.0","97951.0","113834.0"
"1216.0609","33.0","18.0","-86.0","98041.0","114064.0"
"1216.0859","32.0","18.0","-86.0","98055.0","114122.0"
"1216.111","33.0","18.0","-86.0","97933.0","113790.0"
"1216.136","32.0","18.0","-86.0","97924.0","113725.0"
"1216.2611","33.0","18.0","-86.0","97824.0","113472.0"
"1216.2861","32.0","18.0","-86.0","97801.0","113448.0"
"1216.3112","32.0","18.0","-86.0","97863.0","113576.0"
"1216.3362","33.0","18.0","-86.0","97883.0","113637.0"
"1216.3612","33.0","18.0","-86.0","97935.0","113785.0"
"1216.3862","32.0","18.0","-86.0","97950.0","113833.0"
"1216.4613","32.0","19.0","-86.0","98000.0","113976.0"
"1216.4863","33.0","18.0","-86.0","98016.0","114021.0"
"1216.5114","32.0","18.0","-86.0","98099.0","114225.0"
"1216.5364","32.0","18.0","-85.0","98113.0","114283.0"
"1216.6115","32.0","18.0","-86.0","98184.0","114474.0"
"1216.6365","33.0","18.0","-86.0","98158.0","114462.0"
"1216.6615","32.0","18.0","-86.0","97997.0","113967.0"
"1216.6865","33.0","18.0","-85.0","97938.0","113804.0"
"1216.7616","32.0","18.0","-86.0","97833.0","113484.0"
"1216.7866","33.0","18.0","-85.0","97809.0","113462.0"
"1216.8116","33.0","18.0","-86.0","97824.0","113403.0"
"1216.8367","33.0","18.0","-85.0","97827.0","113457.0"
"1216.9117","33.0","18.0","-86.0","97881.0","113625.0"
"1216.9368","32.0","18.0","-85.0","97897.0","113633.0"
"1216.9618","33.0","19.0","-85.0","97960.0","113782.0"
"1216.9868","32.0","18.0","-86.0","97980.0","113855.0"
"1217.0619","32.0","18.0","-86.0","97999.0","114020.0"
"1217.0869","33.0","18.0","-86.0","98025.0","114042.0"
"1217.1119","33.0","18.0","-85.0","98077.0","114137.0"
"1217.137","32.0","18.0","-85.0","98021.0","113990.0"
"1217.162","33.0","18.0","-85.0","97838.0","113525.0"
"1217.187","33.0","18.0","-86.0","97824.0","113444.0"
"1217.2621","32.0","19.0","-86.0","97742.0","113171.0"
"1217.2871","33.0","18.0","-86.0","97697.0","113125.0"
"1217.3622","33.0","18.0","-86.0","97745.0","113226.0"
"1217.3872","33.0","18.0","-86.0","97766.0","113270.0"
"1217.4122","33.0","18.0","-86.0","97830.0","113433.0"
"1217.4373","33.0","18.0","-86.0","97829.0","113489.0"
"1217.5123","33.0","18.0","-85.0","97901.0","113635.0"
"1217.5374","32.0","18.0","-86.0","97907.0","113657.0"
"1217.5624","33.0","18.0","-86.0","97968.0","113843.0"
"1217.5874","33.0","18.0","-86.0","97984.0","113900.0"
"1217.6625","33.0","18.0","-86.0","97939.0","113797.0"
"1217.6875","33.0","18.0","-85.0","97926.0","113709.0"
"1217.7125","33.0","18.0","-85.0","97742.0","113248.0"
"1217.7375","33.0","18.0","-86.0","97712.0","113140.0"
"1217.8126","33.0","18.0","-86.0","97659.0","112970.0"
"1217.8376","32.0","18.0","-86.0","97660.0","112965.0"
"1217.8627","32.0","18.0","-86.0","97714.0","113156.0"
"1217.8877","33.0","18.0","-86.0","97747.0","113191.0"
"1217.9127","33.0","18.0","-85.0","97782.0","113339.0"
"1217.9377","33.0","18.0","-86.0","97801.0","113358.0"
"1218.0128","32.0","18.0","-85.0","97847.0","113532.0"
"1218.0378","32.0","18.0","-86.0","97868.0","113583.0"
"1218.1129","32.0","18.0","-85.0","97937.0","113742.0"
"1218.138","32.0","18.0","-86.0","97948.0","113774.0"
"1218.163","32.0","18.0","-86.0","97832.0","113547.0"
"1218.188","32.0","18.0","-86.0","97792.0","113350.0"
"1218.213","32.0","18.0","-85.0","97680.0","113010.0"
"1218.238","33.0","18.0","-85.0","97649.0","112968.0"
"1218.4132","33.0","18.0","-86.0","97628.0","112888.0"
"1218.4299","32.0","18.0","-85.0","97636.0","112932.0"
"1218.4465","32.0","18.0","-85.0","97703.0","113108.0"
"1218.4633","32.0","19.0","-86.0","97716.0","113147.0"
"1218.4883","33.0","18.0","-86.0","97777.0","113329.0"
"1218.5634","32.0","18.0","-86.0","97809.0","113358.0"
"1218.5884","32.0","18.0","-86.0","97879.0","113560.0"
"1218.6134","32.0","18.0","-86.0","97889.0","113590.0"
"1218.6384","32.0","18.0","-85.0","97970.0","113841.0"
"1218.6635","33.0","18.0","-86.0","97977.0","113872.0"
"1218.6885","33.0","18.0","-86.0","97823.0","113469.0"
"1218.7635","33.0","18.0","-85.0","97796.0","113404.0"
"1218.7886","33.0","18.0","-86.0","97710.0","113137.0"
"1218.9137","32.0","18.0","-86.0","97712.0","113106.0"
"1218.9304","33.0","18.0","-86.0","97750.0","113248.0"
"1218.947","33.0","18.0","-85.0","97771.0","113281.0"
"1218.9637","33.0","18.0","-86.0","97836.0","113494.0"
"1218.9888","33.0","18.0","-86.0","97854.0","113530.0"
"1219.0638","32.0","18.0","-85.0","97929.0","113709.0"
"1219.0889","32.0","18.0","-86.0","97954.0","113749.0"
"1219.164","33.0","18.0","-86.0","98013.0","113981.0"
"1219.189","33.0","18.0","-86.0","98013.0","114006.0"
"1219.214","33.0","18.0","-86.0","98077.0","114160.0"
"1219.239","32.0","18.0","-86.0","98052.0","114103.0"
"1219.3141","32.0","18.0","-86.0","97883.0","113609.0"
"1219.3391","32.0","18.0","-87.0","97863.0","113554.0"
"1219.3641","33.0","18.0","-86.0","97819.0","113423.0"
"1219.3892","33.0","18.0","-86.0","97812.0","113417.0"
"1219.4642","33.0","18.0","-85.0","97884.0","113638.0"
"1219.4893","33.0","18.0","-86.0","97895.0","113657.0"
"1219.5143","33.0","18.0","-86.0","97949.0","113778.0"
"1219.5393","33.0","18.0","-85.0","97966.0","113797.0"
"1219.5643","32.0","18.0","-85.0","98029.0","113999.0"
"1219.5894","33.0","18.0","-85.0","98028.0","114027.0"
"1219.6644","33.0","18.0","-86.0","98099.0","114219.0"
"1219.6895","33.0","17.0","-86.0","98050.0","114092.0"
"1219.7145","33.0","18.0","-86.0","98016.0","113995.0"
"1219.7395","32.0","18.0","-86.0","97851.0","113492.0"
"1219.8146","33.0","18.0","-85.0","97832.0","113451.0"
"1219.8396","33.0","18.0","-86.0","97729.0","113152.0"
"1219.8646","33.0","18.0","-85.0","97737.0","113141.0"
"1219.8896","33.0","18.0","-86.0","97788.0","113294.0"
"1219.9647","33.0","18.0","-86.0","97806.0","113333.0"
"1219.9897","33.0","18.0","-86.0","97862.0","113493.0"
"1220.0148","32.0","18.0","-86.0","97853.0","113512.0"
"1220.0398","33.0","18.0","-86.0","97916.0","113662.0"
"1220.1149","33.0","18.0","-85.0","97935.0","113699.0"
"1220.1399","33.0","18.0","-85.0","97988.0","113881.0"
"1220.215","33.0","18.0","-85.0","97930.0","113720.0"
"1220.24","33.0","18.0","-86.0","97896.0","113636.0"
"1220.265","33.0","18.0","-86.0","97721.0","113127.0"
"1220.29","33.0","18.0","-86.0","97685.0","113088.0"
"1220.3151","33.0","18.0","-85.0","97640.0","112909.0"
"1220.3401","33.0","18.0","-86.0","97653.0","112917.0"
"1220.4152","33.0","18.0","-86.0","97716.0","113104.0"
"1220.4402","32.0","18.0","-86.0","97731.0","113135.0"
"1220.4652","33.0","18.0","-85.0","97791.0","113267.0"
"1220.4902","33.0","18.0","-85.0","97790.0","113302.0"
"1220.5653","32.0","18.0","-86.0","97857.0","113497.0"
"1220.5903","32.0","18.0","-86.0","97874.0","113516.0"
"1220.6654","33.0","18.0","-86.0","97915.0","113690.0"
"1220.6904","33.0","18.0","-85.0","97947.0","113715.0"
"1220.7155","32.0","18.0","-86.0","97797.0","113370.0"
"1220.7405","32.0","19.0","-85.0","97772.0","113303.0"
"1220.7655","32.0","18.0","-86.0","97642.0","112939.0"
"1220.7905","32.0","18.0","-86.0","97624.0","112867.0"
"1220.8656","33.0","18.0","-85.0","97584.0","112767.0"
"1220.8906","33.0","18.0","-86.0","97602.0","112785.0"
"1220.9657","33.0","19.0","-86.0","97677.0","113015.0"
"1220.9907","33.0","18.0","-86.0","97681.0","113038.0"
"1221.0157","33.0","18.0","-86.0","97753.0","113227.0"
"1221.0408","32.0","18.0","-86.0","97765.0","113258.0"
"1221.0658","32.0","18.0","-85.0","97844.0","113465.0"
"1221.1659","32.0","19.0","-85.0","97878.0","113500.0"
